-- phpMyAdmin SQL Dump
-- version 5.2.0
-- https://www.phpmyadmin.net/
--
-- Host: 127.0.0.1
-- Generation Time: Jul 27, 2022 at 10:20 PM
-- Server version: 10.4.24-MariaDB
-- PHP Version: 8.1.6

SET SQL_MODE = "NO_AUTO_VALUE_ON_ZERO";
START TRANSACTION;
SET time_zone = "+00:00";


/*!40101 SET @OLD_CHARACTER_SET_CLIENT=@@CHARACTER_SET_CLIENT */;
/*!40101 SET @OLD_CHARACTER_SET_RESULTS=@@CHARACTER_SET_RESULTS */;
/*!40101 SET @OLD_COLLATION_CONNECTION=@@COLLATION_CONNECTION */;
/*!40101 SET NAMES utf8mb4 */;

--
-- Database: `snapclass`
--

-- --------------------------------------------------------

--
-- Table structure for table `active_section`
--

CREATE TABLE `active_section` (
  `id` int(11) NOT NULL,
  `section_id` int(11) NOT NULL,
  `user_id` int(11) NOT NULL
) ENGINE=InnoDB DEFAULT CHARSET=utf8;

--
-- Dumping data for table `active_section`
--

INSERT INTO `active_section` (`id`, `section_id`, `user_id`) VALUES
(1, 1, 1),
(2, 2, 2);

-- --------------------------------------------------------

--
-- Table structure for table `assignment`
--

CREATE TABLE `assignment` (
  `id` int(11) NOT NULL,
  `name` varchar(255) NOT NULL,
  `description` varchar(255) NOT NULL,
  `status` enum('Active','Inactive','Archived') NOT NULL,
  `start_date` date NOT NULL,
  `due_date` date NOT NULL,
  `rubric_id` int(11) DEFAULT NULL,
  `environment` varchar(50) NOT NULL COMMENT 'The programming environment of the assignment',
  `assignment_file_name` varchar(255) DEFAULT NULL COMMENT 'The name of the assignment file',
  `instruction_file_name` varchar(255) DEFAULT NULL COMMENT 'The name of instruction pdf file'
) ENGINE=InnoDB DEFAULT CHARSET=utf8;

--
-- Dumping data for table `assignment`
--

INSERT INTO `assignment` (`id`, `name`, `description`, `status`, `start_date`, `due_date`, `rubric_id`, `environment`, `assignment_file_name`, `instruction_file_name`) VALUES
(1, 'Assignment 1', 'This is the description for assignment 1...', 'Active', '2019-09-01', '2019-09-08', 1, 'Snap', 'Day1Activity1', NULL),
(2, 'Assignment 2', 'This is the description for assignment 2...', 'Inactive', '2019-09-08', '2019-09-15', 2, 'Snap', 'Day_1_Introduce_Yourself_Begin.xml', NULL),
(3, 'For Loop', 'This is the description for for looping', 'Active', '2019-09-08', '2019-02-15', 2, 'Snap', 'Day_3_Epidemics_Begin.xml', NULL),
(4, 'Brick Breaker', 'This is the description for brick breaking', 'Active', '2019-09-08', '2019-02-20', 2, 'Snap', 'Day_2_Graphing_Coordinates_Begin.xml', NULL),
(5, 'Turtles', 'This is the description for turtling', 'Active', '2019-09-08', '2019-02-25', 2, 'Snap', 'Day_2_Graphing_Coordinates_Begin.xml', NULL),
(6, 'While Loops', 'This is the description for while looping', 'Active', '2019-09-08', '2019-09-25', 2, 'Snap', NULL, NULL),
(7, 'Cellular starter', 'Introducing simulation in cellular', 'Active', '2019-07-27', '2019-08-02', 1, 'Cellular', 'Day_3_Epidemics_Begin.xml', NULL),
(8, 'Intro to Java', 'Strings and integers', 'Active', '2022-06-08', '2022-08-01', NULL, 'Snap', NULL, NULL),
(9, 'Composition of Air', 'Weather & Atmosphere', 'Inactive', '2022-06-14', '2022-06-15', NULL, 'Snap', NULL, NULL),
(10, 'Something', 'lfn', 'Active', '2022-06-22', '2022-06-23', NULL, 'cellular', NULL, NULL),
(11, 'Loops', '--', 'Active', '2022-06-23', '2022-06-24', NULL, 'Snap', NULL, NULL),
(12, 'Abstraction', 'Awful', 'Active', '2022-07-06', '2022-07-07', NULL, 'Snap', NULL, NULL),
(13, 'Abstraction', 'Terrible', 'Active', '2022-07-06', '2022-07-06', NULL, 'Snap', NULL, NULL),
(14, 'Loops', 'l', 'Active', '2022-07-22', '2022-07-30', NULL, 'Snap', NULL, NULL);

-- --------------------------------------------------------

--
-- Table structure for table `assignments_in_section`
--

CREATE TABLE `assignments_in_section` (
  `id` int(11) NOT NULL,
  `section_id` int(11) DEFAULT NULL,
  `assignment_id` int(11) DEFAULT NULL
) ENGINE=InnoDB DEFAULT CHARSET=utf8;

--
-- Dumping data for table `assignments_in_section`
--

INSERT INTO `assignments_in_section` (`id`, `section_id`, `assignment_id`) VALUES
(16, NULL, 12),
(1, 1, 1),
(2, 1, 2),
(7, 1, 3),
(8, 1, 4),
(9, 1, 5),
(11, 1, 7),
(3, 2, 1),
(4, 2, 2),
(5, 3, 1),
(6, 3, 2),
(10, 4, 6),
(13, 8, 9),
(18, 9, 14);

-- --------------------------------------------------------

--
-- Table structure for table `assignment_overall_grade_total`
--

CREATE TABLE `assignment_overall_grade_total` (
  `id` int(11) NOT NULL,
  `assignment_feedback` varchar(511) DEFAULT NULL,
  `grade_total` decimal(5,2) DEFAULT NULL,
  `point_for_category` int(11) DEFAULT NULL,
  `user_id` int(11) DEFAULT NULL,
  `assignment_id` int(11) DEFAULT NULL
) ENGINE=InnoDB DEFAULT CHARSET=utf8;

--
-- Dumping data for table `assignment_overall_grade_total`
--

INSERT INTO `assignment_overall_grade_total` (`id`, `assignment_feedback`, `grade_total`, `point_for_category`, `user_id`, `assignment_id`) VALUES
(1, 'Great job!', '100.00', 1, 5, 1),
(2, 'Great job!', '100.00', 4, 5, 1),
(3, 'Not so great job :(', '50.00', 1, 6, 1),
(4, 'Not so great job :(', '50.00', 3, 6, 1);

-- --------------------------------------------------------

--
-- Table structure for table `category`
--

CREATE TABLE `category` (
  `id` int(11) NOT NULL,
  `name` varchar(255) NOT NULL,
  `learning_objective` varchar(255) NOT NULL,
  `min_point` int(11) DEFAULT NULL,
  `max_point` int(11) DEFAULT NULL,
  `point_scale` int(11) DEFAULT NULL
) ENGINE=InnoDB DEFAULT CHARSET=utf8;

--
-- Dumping data for table `category`
--

INSERT INTO `category` (`id`, `name`, `learning_objective`, `min_point`, `max_point`, `point_scale`) VALUES
(1, 'Abstraction', 'EK 2.2.1C Abstraction generalizes...', 0, 15, 1),
(2, 'Visual', 'EK 5.4.1H Visual displays...', 0, 7, 5);

-- --------------------------------------------------------

--
-- Table structure for table `category_for_rubric`
--

CREATE TABLE `category_for_rubric` (
  `id` int(11) NOT NULL,
  `rubric_id` int(11) DEFAULT NULL,
  `category_id` int(11) DEFAULT NULL
) ENGINE=InnoDB DEFAULT CHARSET=utf8;

--
-- Dumping data for table `category_for_rubric`
--

INSERT INTO `category_for_rubric` (`id`, `rubric_id`, `category_id`) VALUES
(1, 1, 1),
(2, 1, 2),
(3, 2, 1),
(4, 2, 2);

-- --------------------------------------------------------

--
-- Table structure for table `category_for_teacher`
--

CREATE TABLE `category_for_teacher` (
  `id` int(11) NOT NULL,
  `user_id` int(11) DEFAULT NULL,
  `category_id` int(11) DEFAULT NULL
) ENGINE=InnoDB DEFAULT CHARSET=utf8;

--
-- Dumping data for table `category_for_teacher`
--

INSERT INTO `category_for_teacher` (`id`, `user_id`, `category_id`) VALUES
(1, 1, 1),
(2, 2, 2);

-- --------------------------------------------------------

--
-- Table structure for table `consent`
--

CREATE TABLE `consent` (
  `consent_id` int(11) NOT NULL COMMENT 'A unique identifier for the assignment.',
  `user_id` int(11) DEFAULT NULL COMMENT 'A unique identifier that follows a user',
  `consent_date` datetime NOT NULL COMMENT 'The name of the assignment file',
  `consent` tinyint(1) NOT NULL COMMENT 'If we have student consent to look at the data'
) ENGINE=InnoDB DEFAULT CHARSET=utf8;

--
-- Dumping data for table `consent`
--

INSERT INTO `consent` (`consent_id`, `user_id`, `consent_date`, `consent`) VALUES
(1, 5, '2019-09-10 00:00:01', 1),
(2, 6, '2020-09-10 00:00:04', 0),
(3, 7, '2018-10-10 00:00:05', 1);

-- --------------------------------------------------------

--
-- Table structure for table `course`
--

CREATE TABLE `course` (
  `id` int(11) NOT NULL,
  `name` varchar(255) NOT NULL,
  `status` int(11) NOT NULL,
  `description` varchar(255) DEFAULT NULL,
  `user_id` int(11) DEFAULT NULL,
  `start_date` date DEFAULT NULL,
  `end_date` date DEFAULT NULL
) ENGINE=InnoDB DEFAULT CHARSET=utf8;

--
-- Dumping data for table `course`
--

INSERT INTO `course` (`id`, `name`, `status`, `description`, `user_id`, `start_date`, `end_date`) VALUES
(1, 'AP CS-01', 1, 'Intro CS I', 1, '2019-08-15', '2019-12-15'),
(2, 'AP CS-03', 1, 'Intro CS III', 1, '2019-08-15', '2019-12-15'),
(3, 'AP CS-02', 2, 'Intro CS II', 2, '2020-01-15', '2020-05-15'),
(4, 'AP CS', 1, 'BB Programming', 11, '2022-06-08', '2022-07-30'),
(5, 'course', 2, 'title', 11, '2022-06-09', '2022-06-25'),
(6, 'Period 3', 1, 'Science', 13, '2022-06-14', '2022-06-15');

-- --------------------------------------------------------

--
-- Table structure for table `help`
--

CREATE TABLE `help` (
  `helpreq_id` int(11) NOT NULL,
  `id` int(11) NOT NULL,
  `username` varchar(255) NOT NULL,
  `preferred_name` varchar(255) NOT NULL,
  `account_type` int(11) DEFAULT NULL,
  `email` varchar(255) NOT NULL,
  `helper` int(11) NOT NULL
) ENGINE=InnoDB DEFAULT CHARSET=utf8mb4;

--
-- Dumping data for table `help`
--

INSERT INTO `help` (`helpreq_id`, `id`, `username`, `preferred_name`, `account_type`, `email`, `helper`) VALUES
(1, 14, 'mark435', 'mark', NULL, 'smn3m@umsystem.edu', 1),
(2, 14, 'mark435', 'mark', NULL, 'smn3m@umsystem.edu', 1);

-- --------------------------------------------------------

--
-- Table structure for table `helpers`
--

CREATE TABLE `helpers` (
  `id` int(11) DEFAULT NULL,
  `username` varchar(255) DEFAULT NULL,
  `preferred_name` varchar(255) DEFAULT NULL,
  `email` varchar(255) DEFAULT NULL,
  `helper` int(11) DEFAULT NULL
) ENGINE=InnoDB DEFAULT CHARSET=utf8mb4;

--
-- Dumping data for table `helpers`
--

INSERT INTO `helpers` (`id`, `username`, `preferred_name`, `email`, `helper`) VALUES
(12, 'ashley435', 'Ashley', 'smn3m@umsystem.edu', 2),
(17, 'ashleyDa', NULL, 'game2learnlab@ncsu.edu', 2);

-- --------------------------------------------------------

--
-- Table structure for table `logs`
--

CREATE TABLE `logs` (
  `id` int(11) NOT NULL,
  `username` varchar(255) NOT NULL,
  `time` varchar(255) NOT NULL,
  `event_type` varchar(255) NOT NULL
) ENGINE=InnoDB DEFAULT CHARSET=utf8;

--
-- Dumping data for table `logs`
--

INSERT INTO `logs` (`id`, `username`, `time`, `event_type`) VALUES
(1, 't1@test.com', '2011-05-25 17:29:44.763', 'login'),
(2, 'sanamd', '5/31/2022, 4:08:52 PM', 'login'),
(3, 'sanamd', '6/2/2022, 11:28:51 AM', 'login'),
(4, 'sanamd', '6/2/2022, 4:27:39 PM', 'login'),
(5, 'sanamd', '6/2/2022, 4:29:31 PM', 'login'),
(6, 'sanama', '6/2/2022, 4:31:19 PM', 'login'),
(7, 'sanama', '6/2/2022, 4:31:48 PM', 'tutorialStart'),
(8, 'sanama', '6/8/2022, 10:17:24 AM', 'login'),
(9, 'sanama', '6/8/2022, 10:26:26 AM', 'login'),
(10, 'ibhandari', '6/14/2022, 2:56:40 PM', 'login'),
(11, 'ibhandari', '6/14/2022, 2:56:46 PM', 'tutorialStart'),
(12, 'mark435', '6/16/2022, 12:31:03 PM', 'login'),
(13, 'sanama', '6/16/2022, 12:31:39 PM', 'login'),
(14, 'sanama', '6/16/2022, 12:33:31 PM', 'login'),
(15, 'mark435', '6/16/2022, 12:35:20 PM', 'login'),
(16, 'sanama', '6/23/2022, 1:28:58 PM', 'login'),
(17, 'sanama', '6/23/2022, 1:31:29 PM', 'logout'),
(18, 'sanama', '6/24/2022, 1:52:07 PM', 'login'),
(19, 'sanama', '6/24/2022, 2:04:58 PM', 'logout'),
(20, 'mark435', '6/24/2022, 2:05:06 PM', 'login'),
(21, 'mark435', '6/24/2022, 2:15:05 PM', 'login'),
(22, 'mark435', '6/24/2022, 2:21:10 PM', 'login'),
(23, 'mark435', '6/24/2022, 2:44:58 PM', 'login'),
(24, 'sanama', '6/28/2022, 12:58:32 PM', 'login'),
(25, 'sanama', '6/28/2022, 12:58:39 PM', 'tutorialStart'),
(26, 'sanama', '6/28/2022, 3:58:34 PM', 'edit'),
(27, 'sanama', '6/28/2022, 3:59:05 PM', 'edit'),
(28, 'sanama', '6/28/2022, 4:01:20 PM', 'logout'),
(29, 'mark435', '6/28/2022, 4:01:29 PM', 'login'),
(30, 'sanama', '6/28/2022, 5:30:47 PM', 'login'),
(31, 'sanama', '6/28/2022, 5:50:07 PM', 'logout'),
(32, 'sanama', '6/30/2022, 10:10:19 AM', 'login'),
(33, 'sanama', '6/30/2022, 2:14:24 PM', 'login'),
(34, 'sanama', '6/30/2022, 2:51:23 PM', 'edit'),
(35, 'sanama', '6/30/2022, 4:19:37 PM', 'login'),
(36, 'sanama', '6/30/2022, 4:36:43 PM', 'login'),
(37, 'sanama', '7/1/2022, 11:00:34 AM', 'login'),
(38, 'miched', '7/1/2022, 1:16:34 PM', 'login'),
(39, 'sanama', '7/6/2022, 1:29:06 PM', 'login'),
(40, 'sanama', '7/6/2022, 1:31:11 PM', 'login'),
(41, 'mark435', '7/6/2022, 1:48:27 PM', 'login'),
(42, 'sanama', '7/6/2022, 2:03:42 PM', 'login'),
(43, 'sanama', '7/6/2022, 2:04:04 PM', 'edit'),
(44, 'sanama', '7/6/2022, 2:04:22 PM', 'logout'),
(45, 'mark435', '7/6/2022, 2:04:36 PM', 'login'),
(46, 'mark435', '7/6/2022, 2:04:44 PM', 'logout'),
(47, 'ashleyDa', '7/6/2022, 2:06:41 PM', 'login'),
(48, 'sanama', '7/6/2022, 2:07:07 PM', 'login'),
(49, 'sanama', '7/6/2022, 2:38:57 PM', 'login'),
(50, 'sanama', '7/7/2022, 11:14:21 AM', 'login'),
(51, 'sanama', '7/8/2022, 11:15:12 AM', 'login'),
(52, 'sanama', '7/11/2022, 9:56:57 AM', 'login'),
(53, 'mark435', '7/12/2022, 10:10:27 AM', 'login'),
(54, 'sanama', '7/12/2022, 10:20:10 AM', 'login'),
(55, 'sanama', '7/12/2022, 11:21:31 AM', 'login'),
(56, 'mark435', '7/12/2022, 3:28:45 PM', 'login'),
(57, 'mark435', '7/14/2022, 11:55:11 AM', 'login'),
(58, 'mark435', '7/14/2022, 4:49:49 PM', 'login'),
(59, 'mark435', '7/14/2022, 4:54:49 PM', 'login'),
(60, 'mark435', '7/15/2022, 11:02:47 AM', 'login'),
(61, 'sanama', '7/15/2022, 12:01:16 PM', 'login'),
(62, 'mark435', '7/15/2022, 12:19:33 PM', 'login'),
(63, 'mark435', '7/18/2022, 2:23:22 PM', 'login'),
(64, 'mark435', '7/20/2022, 11:10:09 AM', 'login'),
(65, 'mark435', '7/22/2022, 9:51:57 AM', 'login'),
(66, 'mark435', '7/22/2022, 2:36:46 PM', 'login'),
(67, 'sanama', '7/22/2022, 2:37:05 PM', 'login'),
(68, 'mark435', '7/22/2022, 2:43:03 PM', 'login'),
(69, 'sanama', '7/25/2022, 9:40:20 AM', 'login'),
(70, 'mark435', '7/25/2022, 9:40:45 AM', 'login');

-- --------------------------------------------------------

--
-- Table structure for table `points_for_category`
--

CREATE TABLE `points_for_category` (
  `id` int(11) NOT NULL,
  `points` decimal(5,2) NOT NULL,
  `description` varchar(255) DEFAULT NULL,
  `category_id` int(11) NOT NULL
) ENGINE=InnoDB DEFAULT CHARSET=utf8;

--
-- Dumping data for table `points_for_category`
--

INSERT INTO `points_for_category` (`id`, `points`, `description`, `category_id`) VALUES
(1, '10.75', 'Completing the assignment with minimal errors...', 1),
(2, '15.00', 'Completing the assignment with zero errors...', 1),
(3, '5.00', 'Completing the assignment with several errors...', 2),
(4, '7.00', 'Completing the assignment with minimal errors...', 2);

-- --------------------------------------------------------

--
-- Table structure for table `role`
--

CREATE TABLE `role` (
  `id` int(11) NOT NULL,
  `role_name` enum('Teacher','Student','Admin') NOT NULL
) ENGINE=InnoDB DEFAULT CHARSET=utf8;

--
-- Dumping data for table `role`
--

INSERT INTO `role` (`id`, `role_name`) VALUES
(1, 'Teacher'),
(2, 'Student'),
(3, 'Admin');

-- --------------------------------------------------------

--
-- Table structure for table `role_for_user`
--

CREATE TABLE `role_for_user` (
  `id` int(11) NOT NULL,
  `user_id` int(11) DEFAULT NULL,
  `role_id` int(11) DEFAULT NULL
) ENGINE=InnoDB DEFAULT CHARSET=utf8;

--
-- Dumping data for table `role_for_user`
--

INSERT INTO `role_for_user` (`id`, `user_id`, `role_id`) VALUES
(1, 1, 1),
(2, 2, 1),
(3, 3, 1),
(4, 4, 1),
(5, 5, 2),
(6, 6, 2),
(7, 7, 2),
(8, 8, 2),
(9, NULL, 1),
(10, 11, 1),
(11, 12, 2),
(12, 13, 1),
(13, 14, 2),
(14, 15, 2),
(15, NULL, 1),
(16, 17, 2);

-- --------------------------------------------------------

--
-- Table structure for table `rubric`
--

CREATE TABLE `rubric` (
  `id` int(11) NOT NULL,
  `name` varchar(255) NOT NULL,
  `description` varchar(255) DEFAULT NULL,
  `is_template` tinyint(1) NOT NULL,
  `user_id` int(11) DEFAULT NULL
) ENGINE=InnoDB DEFAULT CHARSET=utf8;

--
-- Dumping data for table `rubric`
--

INSERT INTO `rubric` (`id`, `name`, `description`, `is_template`, `user_id`) VALUES
(1, 'Rubric 1', 'Description for rubric 1', 0, 1),
(2, 'Rubric 2 Template', 'Description for rubric 2', 1, NULL),
(3, 'Grading rubric', 'rubric', 0, 11);

-- --------------------------------------------------------

--
-- Table structure for table `school`
--

CREATE TABLE `school` (
  `school_id` varchar(255) NOT NULL COMMENT 'A unique identifier for the school, nces id for public k-12 schools',
  `school_name` varchar(255) NOT NULL COMMENT 'A front facing name for the school',
  `street_address` varchar(255) NOT NULL COMMENT 'The street address of the school',
  `city` varchar(255) NOT NULL COMMENT 'The city where the school is in',
  `county` varchar(255) NOT NULL COMMENT 'The county the school is in',
  `state` varchar(255) DEFAULT NULL COMMENT 'The state the school is in, acronym ',
  `zip` varchar(10) DEFAULT NULL COMMENT 'The zip code of the school'
) ENGINE=InnoDB DEFAULT CHARSET=utf8;

--
-- Dumping data for table `school`
--

INSERT INTO `school` (`school_id`, `school_name`, `street_address`, `city`, `county`, `state`, `zip`) VALUES
('abcdschoolid', 'abcd', 'Abcd St', 'Raleigh', 'Wake', 'NC', '00001'),
('ncsuschoolid', 'ncsu', 'Hillsborough', 'Raleigh', 'Wake', 'NC', '27695');

-- --------------------------------------------------------

--
-- Table structure for table `section`
--

CREATE TABLE `section` (
  `id` int(11) NOT NULL,
  `section_number` varchar(4) NOT NULL,
  `course_id` int(11) DEFAULT NULL,
  `last_modified` date DEFAULT NULL
) ENGINE=InnoDB DEFAULT CHARSET=utf8;

--
-- Dumping data for table `section`
--

INSERT INTO `section` (`id`, `section_number`, `course_id`, `last_modified`) VALUES
(1, '001H', 1, NULL),
(2, '002', 1, NULL),
(3, '003', 1, NULL),
(4, '001', 2, NULL),
(5, '002H', 2, NULL),
(8, '001', 6, NULL),
(9, '001', 4, NULL);

-- --------------------------------------------------------

--
-- Table structure for table `students_in_section`
--

CREATE TABLE `students_in_section` (
  `id` int(11) NOT NULL,
  `section_id` int(11) DEFAULT NULL,
  `user_id` int(11) DEFAULT NULL
) ENGINE=InnoDB DEFAULT CHARSET=utf8;

--
-- Dumping data for table `students_in_section`
--

INSERT INTO `students_in_section` (`id`, `section_id`, `user_id`) VALUES
(1, 1, 5),
(2, 1, 6),
(3, 1, 7),
(5, 2, 2),
(6, 3, 1),
(7, 3, 2),
(4, 4, 5),
(15, 9, 12),
(16, 9, 14),
(17, 9, 17);

-- --------------------------------------------------------

--
-- Table structure for table `submission`
--

CREATE TABLE `submission` (
  `id` int(11) NOT NULL,
  `submission_code` mediumtext NOT NULL,
  `assignment_id` int(11) DEFAULT NULL,
  `user_id` int(11) DEFAULT NULL,
  `is_submitted` tinyint(1) NOT NULL
) ENGINE=InnoDB DEFAULT CHARSET=utf8;

--
-- Dumping data for table `submission`
--

INSERT INTO `submission` (`id`, `submission_code`, `assignment_id`, `user_id`, `is_submitted`) VALUES
(1, '<project name=\"test\" app=\"Snap! 4.2, http://snap.berkeley.edu\" version=\"1\"><notes></notes><thumbnail>data:image/png;base64,iVBORw0KGgoAAAANSUhEUgAAAKAAAAB4CAYAAAB1ovlvAAACpklEQVR4Xu3XQaoaQQBF0ep96FyXo+CGnLggxdXoRnTQASFk8POTkEFfaI7jhkfdOtg6zfM8Dx8FogITgFF5s58CAIKQFgAwzW8cQAbSAgCm+Y0DyEBaAMA0v3EAGUgLAJjmNw4gA2kBANP8xgFkIC0AYJrfOIAMpAUATPMbB5CBtACAaX7jADKQFgAwzW8cQAbSAgCm+Y0DyEBaAMA0v3EAGUgLAJjmNw4gA2kBANP8xgFkIC0AYJrfOIAMpAUATPMbB5CBtACAaX7jADKQFgAwzW8cQAbSAgCm+Y0DyEBaAMA0v3EAGUgLAJjmNw4gA2kBANP8xgFkIC0AYJrfOIAMpAUATPMbB5CBtACAaX7jADKQFgAwzW8cQAbSAgCm+Y0DyEBaAMA0v3EAGUgLAPhN/v1+P87n8zidTukFrX0cwD/c8PF4HPM8f554PB7jfr+P7Xa7dhOLng/Av+Q+HA5fnpimabzf73G9Xhe9rDWOAfifAF+v17jdbms0seiZAPzHV/Dz+fy8gjebzaIXtPYxAL+54d1uNy6Xy/jdK3jtKJY8H4BL1rb19ff0/PNvnjgKBAV8AwbRTf4qACANaQEA0/zGAWQgLQBgmt84gAykBQBM8xsHkIG0AIBpfuMAMpAWADDNbxxABtICAKb5jQPIQFoAwDS/cQAZSAsAmOY3DiADaQEA0/zGAWQgLQBgmt84gAykBQBM8xsHkIG0AIBpfuMAMpAWADDNbxxABtICAKb5jQPIQFoAwDS/cQAZSAsAmOY3DiADaQEA0/zGAWQgLQBgmt84gAykBQBM8xsHkIG0AIBpfuMAMpAWADDNbxxABtICAKb5jQPIQFoAwDS/cQAZSAsAmOY3DiADaQEA0/zGAWQgLQBgmt84gAykBQBM8xv/ASteArcSbq6lAAAAAElFTkSuQmCC</thumbnail><stage name=\"Stage\" width=\"480\" height=\"360\" costume=\"0\" tempo=\"60\" threadsafe=\"false\" lines=\"round\" ternary=\"true\" codify=\"false\" inheritance=\"true\" sublistIDs=\"false\" scheduled=\"false\" id=\"1\"><pentrails>data:image/png;base64,iVBORw0KGgoAAAANSUhEUgAAAeAAAAFoCAYAAACPNyggAAAOhUlEQVR4Xu3VwQkAAAjEMN1/abewn7jAQRC64wgQIECAAIF3gX1fNEiAAAECBAiMAHsCAgQIECAQCAhwgG6SAAECBAgIsB8gQIAAAQKBgAAH6CYJECBAgIAA+wECBAgQIBAICHCAbpIAAQIECAiwHyBAgAABAoGAAAfoJgkQIECAgAD7AQIECBAgEAgIcIBukgABAgQICLAfIECAAAECgYAAB+gmCRAgQICAAPsBAgQIECAQCAhwgG6SAAECBAgIsB8gQIAAAQKBgAAH6CYJECBAgIAA+wECBAgQIBAICHCAbpIAAQIECAiwHyBAgAABAoGAAAfoJgkQIECAgAD7AQIECBAgEAgIcIBukgABAgQICLAfIECAAAECgYAAB+gmCRAgQICAAPsBAgQIECAQCAhwgG6SAAECBAgIsB8gQIAAAQKBgAAH6CYJECBAgIAA+wECBAgQIBAICHCAbpIAAQIECAiwHyBAgAABAoGAAAfoJgkQIECAgAD7AQIECBAgEAgIcIBukgABAgQICLAfIECAAAECgYAAB+gmCRAgQICAAPsBAgQIECAQCAhwgG6SAAECBAgIsB8gQIAAAQKBgAAH6CYJECBAgIAA+wECBAgQIBAICHCAbpIAAQIECAiwHyBAgAABAoGAAAfoJgkQIECAgAD7AQIECBAgEAgIcIBukgABAgQICLAfIECAAAECgYAAB+gmCRAgQICAAPsBAgQIECAQCAhwgG6SAAECBAgIsB8gQIAAAQKBgAAH6CYJECBAgIAA+wECBAgQIBAICHCAbpIAAQIECAiwHyBAgAABAoGAAAfoJgkQIECAgAD7AQIECBAgEAgIcIBukgABAgQICLAfIECAAAECgYAAB+gmCRAgQICAAPsBAgQIECAQCAhwgG6SAAECBAgIsB8gQIAAAQKBgAAH6CYJECBAgIAA+wECBAgQIBAICHCAbpIAAQIECAiwHyBAgAABAoGAAAfoJgkQIECAgAD7AQIECBAgEAgIcIBukgABAgQICLAfIECAAAECgYAAB+gmCRAgQICAAPsBAgQIECAQCAhwgG6SAAECBAgIsB8gQIAAAQKBgAAH6CYJECBAgIAA+wECBAgQIBAICHCAbpIAAQIECAiwHyBAgAABAoGAAAfoJgkQIECAgAD7AQIECBAgEAgIcIBukgABAgQICLAfIECAAAECgYAAB+gmCRAgQICAAPsBAgQIECAQCAhwgG6SAAECBAgIsB8gQIAAAQKBgAAH6CYJECBAgIAA+wECBAgQIBAICHCAbpIAAQIECAiwHyBAgAABAoGAAAfoJgkQIECAgAD7AQIECBAgEAgIcIBukgABAgQICLAfIECAAAECgYAAB+gmCRAgQICAAPsBAgQIECAQCAhwgG6SAAECBAgIsB8gQIAAAQKBgAAH6CYJECBAgIAA+wECBAgQIBAICHCAbpIAAQIECAiwHyBAgAABAoGAAAfoJgkQIECAgAD7AQIECBAgEAgIcIBukgABAgQICLAfIECAAAECgYAAB+gmCRAgQICAAPsBAgQIECAQCAhwgG6SAAECBAgIsB8gQIAAAQKBgAAH6CYJECBAgIAA+wECBAgQIBAICHCAbpIAAQIECAiwHyBAgAABAoGAAAfoJgkQIECAgAD7AQIECBAgEAgIcIBukgABAgQICLAfIECAAAECgYAAB+gmCRAgQICAAPsBAgQIECAQCAhwgG6SAAECBAgIsB8gQIAAAQKBgAAH6CYJECBAgIAA+wECBAgQIBAICHCAbpIAAQIECAiwHyBAgAABAoGAAAfoJgkQIECAgAD7AQIECBAgEAgIcIBukgABAgQICLAfIECAAAECgYAAB+gmCRAgQICAAPsBAgQIECAQCAhwgG6SAAECBAgIsB8gQIAAAQKBgAAH6CYJECBAgIAA+wECBAgQIBAICHCAbpIAAQIECAiwHyBAgAABAoGAAAfoJgkQIECAgAD7AQIECBAgEAgIcIBukgABAgQICLAfIECAAAECgYAAB+gmCRAgQICAAPsBAgQIECAQCAhwgG6SAAECBAgIsB8gQIAAAQKBgAAH6CYJECBAgIAA+wECBAgQIBAICHCAbpIAAQIECAiwHyBAgAABAoGAAAfoJgkQIECAgAD7AQIECBAgEAgIcIBukgABAgQICLAfIECAAAECgYAAB+gmCRAgQICAAPsBAgQIECAQCAhwgG6SAAECBAgIsB8gQIAAAQKBgAAH6CYJECBAgIAA+wECBAgQIBAICHCAbpIAAQIECAiwHyBAgAABAoGAAAfoJgkQIECAgAD7AQIECBAgEAgIcIBukgABAgQICLAfIECAAAECgYAAB+gmCRAgQICAAPsBAgQIECAQCAhwgG6SAAECBAgIsB8gQIAAAQKBgAAH6CYJECBAgIAA+wECBAgQIBAICHCAbpIAAQIECAiwHyBAgAABAoGAAAfoJgkQIECAgAD7AQIECBAgEAgIcIBukgABAgQICLAfIECAAAECgYAAB+gmCRAgQICAAPsBAgQIECAQCAhwgG6SAAECBAgIsB8gQIAAAQKBgAAH6CYJECBAgIAA+wECBAgQIBAICHCAbpIAAQIECAiwHyBAgAABAoGAAAfoJgkQIECAgAD7AQIECBAgEAgIcIBukgABAgQICLAfIECAAAECgYAAB+gmCRAgQICAAPsBAgQIECAQCAhwgG6SAAECBAgIsB8gQIAAAQKBgAAH6CYJECBAgIAA+wECBAgQIBAICHCAbpIAAQIECAiwHyBAgAABAoGAAAfoJgkQIECAgAD7AQIECBAgEAgIcIBukgABAgQICLAfIECAAAECgYAAB+gmCRAgQICAAPsBAgQIECAQCAhwgG6SAAECBAgIsB8gQIAAAQKBgAAH6CYJECBAgIAA+wECBAgQIBAICHCAbpIAAQIECAiwHyBAgAABAoGAAAfoJgkQIECAgAD7AQIECBAgEAgIcIBukgABAgQICLAfIECAAAECgYAAB+gmCRAgQICAAPsBAgQIECAQCAhwgG6SAAECBAgIsB8gQIAAAQKBgAAH6CYJECBAgIAA+wECBAgQIBAICHCAbpIAAQIECAiwHyBAgAABAoGAAAfoJgkQIECAgAD7AQIECBAgEAgIcIBukgABAgQICLAfIECAAAECgYAAB+gmCRAgQICAAPsBAgQIECAQCAhwgG6SAAECBAgIsB8gQIAAAQKBgAAH6CYJECBAgIAA+wECBAgQIBAICHCAbpIAAQIECAiwHyBAgAABAoGAAAfoJgkQIECAgAD7AQIECBAgEAgIcIBukgABAgQICLAfIECAAAECgYAAB+gmCRAgQICAAPsBAgQIECAQCAhwgG6SAAECBAgIsB8gQIAAAQKBgAAH6CYJECBAgIAA+wECBAgQIBAICHCAbpIAAQIECAiwHyBAgAABAoGAAAfoJgkQIECAgAD7AQIECBAgEAgIcIBukgABAgQICLAfIECAAAECgYAAB+gmCRAgQICAAPsBAgQIECAQCAhwgG6SAAECBAgIsB8gQIAAAQKBgAAH6CYJECBAgIAA+wECBAgQIBAICHCAbpIAAQIECAiwHyBAgAABAoGAAAfoJgkQIECAgAD7AQIECBAgEAgIcIBukgABAgQICLAfIECAAAECgYAAB+gmCRAgQICAAPsBAgQIECAQCAhwgG6SAAECBAgIsB8gQIAAAQKBgAAH6CYJECBAgIAA+wECBAgQIBAICHCAbpIAAQIECAiwHyBAgAABAoGAAAfoJgkQIECAgAD7AQIECBAgEAgIcIBukgABAgQICLAfIECAAAECgYAAB+gmCRAgQICAAPsBAgQIECAQCAhwgG6SAAECBAgIsB8gQIAAAQKBgAAH6CYJECBAgIAA+wECBAgQIBAICHCAbpIAAQIECAiwHyBAgAABAoGAAAfoJgkQIECAgAD7AQIECBAgEAgIcIBukgABAgQICLAfIECAAAECgYAAB+gmCRAgQICAAPsBAgQIECAQCAhwgG6SAAECBAgIsB8gQIAAAQKBgAAH6CYJECBAgIAA+wECBAgQIBAICHCAbpIAAQIECAiwHyBAgAABAoGAAAfoJgkQIECAgAD7AQIECBAgEAgIcIBukgABAgQICLAfIECAAAECgYAAB+gmCRAgQICAAPsBAgQIECAQCAhwgG6SAAECBAgIsB8gQIAAAQKBgAAH6CYJECBAgIAA+wECBAgQIBAICHCAbpIAAQIECAiwHyBAgAABAoGAAAfoJgkQIECAgAD7AQIECBAgEAgIcIBukgABAgQICLAfIECAAAECgYAAB+gmCRAgQICAAPsBAgQIECAQCAhwgG6SAAECBAgIsB8gQIAAAQKBgAAH6CYJECBAgIAA+wECBAgQIBAICHCAbpIAAQIECAiwHyBAgAABAoGAAAfoJgkQIECAgAD7AQIECBAgEAgIcIBukgABAgQICLAfIECAAAECgYAAB+gmCRAgQICAAPsBAgQIECAQCAhwgG6SAAECBAgIsB8gQIAAAQKBgAAH6CYJECBAgIAA+wECBAgQIBAICHCAbpIAAQIECAiwHyBAgAABAoGAAAfoJgkQIECAgAD7AQIECBAgEAgIcIBukgABAgQICLAfIECAAAECgYAAB+gmCRAgQICAAPsBAgQIECAQCAhwgG6SAAECBAgIsB8gQIAAAQKBgAAH6CYJECBAgIAA+wECBAgQIBAICHCAbpIAAQIECAiwHyBAgAABAoGAAAfoJgkQIECAgAD7AQIECBAgEAgIcIBukgABAgQICLAfIECAAAECgYAAB+gmCRAgQICAAPsBAgQIECAQCAhwgG6SAAECBAgIsB8gQIAAAQKBgAAH6CYJECBAgIAA+wECBAgQIBAICHCAbpIAAQIECAiwHyBAgAABAoGAAAfoJgkQIECAgAD7AQIECBAgEAgIcIBukgABAgQIHLFxAWmhEwHPAAAAAElFTkSuQmCC</pentrails><costumes><list id=\"2\"></list></costumes><sounds><list id=\"3\"></list></sounds><variables></variables><blocks></blocks><scripts></scripts><sprites><sprite name=\"Sprite\" idx=\"1\" x=\"0\" y=\"0\" heading=\"90\" scale=\"1\" rotation=\"1\" draggable=\"true\" costume=\"0\" color=\"80,80,80\" pen=\"tip\" id=\"8\"><costumes><list id=\"9\"></list></costumes><sounds><list id=\"10\"></list></sounds><blocks></blocks><variables></variables><scripts><script x=\"56\" y=\"158\"><block s=\"turn\"><l>15</l></block></script></scripts></sprite></sprites></stage><hidden></hidden><headers></headers><code></code><blocks></blocks><variables></variables></project>', 1, 5, 0),
(2, '<project name=\"test\" app=\"Snap! 4.2, http://snap.berkeley.edu\" version=\"1\"><notes></notes><thumbnail>data:image/png;base64,iVBORw0KGgoAAAANSUhEUgAAAKAAAAB4CAYAAAB1ovlvAAACpklEQVR4Xu3XQaoaQQBF0ep96FyXo+CGnLggxdXoRnTQASFk8POTkEFfaI7jhkfdOtg6zfM8Dx8FogITgFF5s58CAIKQFgAwzW8cQAbSAgCm+Y0DyEBaAMA0v3EAGUgLAJjmNw4gA2kBANP8xgFkIC0AYJrfOIAMpAUATPMbB5CBtACAaX7jADKQFgAwzW8cQAbSAgCm+Y0DyEBaAMA0v3EAGUgLAJjmNw4gA2kBANP8xgFkIC0AYJrfOIAMpAUATPMbB5CBtACAaX7jADKQFgAwzW8cQAbSAgCm+Y0DyEBaAMA0v3EAGUgLAJjmNw4gA2kBANP8xgFkIC0AYJrfOIAMpAUATPMbB5CBtACAaX7jADKQFgAwzW8cQAbSAgCm+Y0DyEBaAMA0v3EAGUgLAPhN/v1+P87n8zidTukFrX0cwD/c8PF4HPM8f554PB7jfr+P7Xa7dhOLng/Av+Q+HA5fnpimabzf73G9Xhe9rDWOAfifAF+v17jdbms0seiZAPzHV/Dz+fy8gjebzaIXtPYxAL+54d1uNy6Xy/jdK3jtKJY8H4BL1rb19ff0/PNvnjgKBAV8AwbRTf4qACANaQEA0/zGAWQgLQBgmt84gAykBQBM8xsHkIG0AIBpfuMAMpAWADDNbxxABtICAKb5jQPIQFoAwDS/cQAZSAsAmOY3DiADaQEA0/zGAWQgLQBgmt84gAykBQBM8xsHkIG0AIBpfuMAMpAWADDNbxxABtICAKb5jQPIQFoAwDS/cQAZSAsAmOY3DiADaQEA0/zGAWQgLQBgmt84gAykBQBM8xsHkIG0AIBpfuMAMpAWADDNbxxABtICAKb5jQPIQFoAwDS/cQAZSAsAmOY3DiADaQEA0/zGAWQgLQBgmt84gAykBQBM8xv/ASteArcSbq6lAAAAAElFTkSuQmCC</thumbnail><stage name=\"Stage\" width=\"480\" height=\"360\" costume=\"0\" tempo=\"60\" threadsafe=\"false\" lines=\"round\" ternary=\"true\" codify=\"false\" inheritance=\"true\" sublistIDs=\"false\" scheduled=\"false\" id=\"1\"><pentrails>data:image/png;base64,iVBORw0KGgoAAAANSUhEUgAAAeAAAAFoCAYAAACPNyggAAAOhUlEQVR4Xu3VwQkAAAjEMN1/abewn7jAQRC64wgQIECAAIF3gX1fNEiAAAECBAiMAHsCAgQIECAQCAhwgG6SAAECBAgIsB8gQIAAAQKBgAAH6CYJECBAgIAA+wECBAgQIBAICHCAbpIAAQIECAiwHyBAgAABAoGAAAfoJgkQIECAgAD7AQIECBAgEAgIcIBukgABAgQICLAfIECAAAECgYAAB+gmCRAgQICAAPsBAgQIECAQCAhwgG6SAAECBAgIsB8gQIAAAQKBgAAH6CYJECBAgIAA+wECBAgQIBAICHCAbpIAAQIECAiwHyBAgAABAoGAAAfoJgkQIECAgAD7AQIECBAgEAgIcIBukgABAgQICLAfIECAAAECgYAAB+gmCRAgQICAAPsBAgQIECAQCAhwgG6SAAECBAgIsB8gQIAAAQKBgAAH6CYJECBAgIAA+wECBAgQIBAICHCAbpIAAQIECAiwHyBAgAABAoGAAAfoJgkQIECAgAD7AQIECBAgEAgIcIBukgABAgQICLAfIECAAAECgYAAB+gmCRAgQICAAPsBAgQIECAQCAhwgG6SAAECBAgIsB8gQIAAAQKBgAAH6CYJECBAgIAA+wECBAgQIBAICHCAbpIAAQIECAiwHyBAgAABAoGAAAfoJgkQIECAgAD7AQIECBAgEAgIcIBukgABAgQICLAfIECAAAECgYAAB+gmCRAgQICAAPsBAgQIECAQCAhwgG6SAAECBAgIsB8gQIAAAQKBgAAH6CYJECBAgIAA+wECBAgQIBAICHCAbpIAAQIECAiwHyBAgAABAoGAAAfoJgkQIECAgAD7AQIECBAgEAgIcIBukgABAgQICLAfIECAAAECgYAAB+gmCRAgQICAAPsBAgQIECAQCAhwgG6SAAECBAgIsB8gQIAAAQKBgAAH6CYJECBAgIAA+wECBAgQIBAICHCAbpIAAQIECAiwHyBAgAABAoGAAAfoJgkQIECAgAD7AQIECBAgEAgIcIBukgABAgQICLAfIECAAAECgYAAB+gmCRAgQICAAPsBAgQIECAQCAhwgG6SAAECBAgIsB8gQIAAAQKBgAAH6CYJECBAgIAA+wECBAgQIBAICHCAbpIAAQIECAiwHyBAgAABAoGAAAfoJgkQIECAgAD7AQIECBAgEAgIcIBukgABAgQICLAfIECAAAECgYAAB+gmCRAgQICAAPsBAgQIECAQCAhwgG6SAAECBAgIsB8gQIAAAQKBgAAH6CYJECBAgIAA+wECBAgQIBAICHCAbpIAAQIECAiwHyBAgAABAoGAAAfoJgkQIECAgAD7AQIECBAgEAgIcIBukgABAgQICLAfIECAAAECgYAAB+gmCRAgQICAAPsBAgQIECAQCAhwgG6SAAECBAgIsB8gQIAAAQKBgAAH6CYJECBAgIAA+wECBAgQIBAICHCAbpIAAQIECAiwHyBAgAABAoGAAAfoJgkQIECAgAD7AQIECBAgEAgIcIBukgABAgQICLAfIECAAAECgYAAB+gmCRAgQICAAPsBAgQIECAQCAhwgG6SAAECBAgIsB8gQIAAAQKBgAAH6CYJECBAgIAA+wECBAgQIBAICHCAbpIAAQIECAiwHyBAgAABAoGAAAfoJgkQIECAgAD7AQIECBAgEAgIcIBukgABAgQICLAfIECAAAECgYAAB+gmCRAgQICAAPsBAgQIECAQCAhwgG6SAAECBAgIsB8gQIAAAQKBgAAH6CYJECBAgIAA+wECBAgQIBAICHCAbpIAAQIECAiwHyBAgAABAoGAAAfoJgkQIECAgAD7AQIECBAgEAgIcIBukgABAgQICLAfIECAAAECgYAAB+gmCRAgQICAAPsBAgQIECAQCAhwgG6SAAECBAgIsB8gQIAAAQKBgAAH6CYJECBAgIAA+wECBAgQIBAICHCAbpIAAQIECAiwHyBAgAABAoGAAAfoJgkQIECAgAD7AQIECBAgEAgIcIBukgABAgQICLAfIECAAAECgYAAB+gmCRAgQICAAPsBAgQIECAQCAhwgG6SAAECBAgIsB8gQIAAAQKBgAAH6CYJECBAgIAA+wECBAgQIBAICHCAbpIAAQIECAiwHyBAgAABAoGAAAfoJgkQIECAgAD7AQIECBAgEAgIcIBukgABAgQICLAfIECAAAECgYAAB+gmCRAgQICAAPsBAgQIECAQCAhwgG6SAAECBAgIsB8gQIAAAQKBgAAH6CYJECBAgIAA+wECBAgQIBAICHCAbpIAAQIECAiwHyBAgAABAoGAAAfoJgkQIECAgAD7AQIECBAgEAgIcIBukgABAgQICLAfIECAAAECgYAAB+gmCRAgQICAAPsBAgQIECAQCAhwgG6SAAECBAgIsB8gQIAAAQKBgAAH6CYJECBAgIAA+wECBAgQIBAICHCAbpIAAQIECAiwHyBAgAABAoGAAAfoJgkQIECAgAD7AQIECBAgEAgIcIBukgABAgQICLAfIECAAAECgYAAB+gmCRAgQICAAPsBAgQIECAQCAhwgG6SAAECBAgIsB8gQIAAAQKBgAAH6CYJECBAgIAA+wECBAgQIBAICHCAbpIAAQIECAiwHyBAgAABAoGAAAfoJgkQIECAgAD7AQIECBAgEAgIcIBukgABAgQICLAfIECAAAECgYAAB+gmCRAgQICAAPsBAgQIECAQCAhwgG6SAAECBAgIsB8gQIAAAQKBgAAH6CYJECBAgIAA+wECBAgQIBAICHCAbpIAAQIECAiwHyBAgAABAoGAAAfoJgkQIECAgAD7AQIECBAgEAgIcIBukgABAgQICLAfIECAAAECgYAAB+gmCRAgQICAAPsBAgQIECAQCAhwgG6SAAECBAgIsB8gQIAAAQKBgAAH6CYJECBAgIAA+wECBAgQIBAICHCAbpIAAQIECAiwHyBAgAABAoGAAAfoJgkQIECAgAD7AQIECBAgEAgIcIBukgABAgQICLAfIECAAAECgYAAB+gmCRAgQICAAPsBAgQIECAQCAhwgG6SAAECBAgIsB8gQIAAAQKBgAAH6CYJECBAgIAA+wECBAgQIBAICHCAbpIAAQIECAiwHyBAgAABAoGAAAfoJgkQIECAgAD7AQIECBAgEAgIcIBukgABAgQICLAfIECAAAECgYAAB+gmCRAgQICAAPsBAgQIECAQCAhwgG6SAAECBAgIsB8gQIAAAQKBgAAH6CYJECBAgIAA+wECBAgQIBAICHCAbpIAAQIECAiwHyBAgAABAoGAAAfoJgkQIECAgAD7AQIECBAgEAgIcIBukgABAgQICLAfIECAAAECgYAAB+gmCRAgQICAAPsBAgQIECAQCAhwgG6SAAECBAgIsB8gQIAAAQKBgAAH6CYJECBAgIAA+wECBAgQIBAICHCAbpIAAQIECAiwHyBAgAABAoGAAAfoJgkQIECAgAD7AQIECBAgEAgIcIBukgABAgQICLAfIECAAAECgYAAB+gmCRAgQICAAPsBAgQIECAQCAhwgG6SAAECBAgIsB8gQIAAAQKBgAAH6CYJECBAgIAA+wECBAgQIBAICHCAbpIAAQIECAiwHyBAgAABAoGAAAfoJgkQIECAgAD7AQIECBAgEAgIcIBukgABAgQICLAfIECAAAECgYAAB+gmCRAgQICAAPsBAgQIECAQCAhwgG6SAAECBAgIsB8gQIAAAQKBgAAH6CYJECBAgIAA+wECBAgQIBAICHCAbpIAAQIECAiwHyBAgAABAoGAAAfoJgkQIECAgAD7AQIECBAgEAgIcIBukgABAgQICLAfIECAAAECgYAAB+gmCRAgQICAAPsBAgQIECAQCAhwgG6SAAECBAgIsB8gQIAAAQKBgAAH6CYJECBAgIAA+wECBAgQIBAICHCAbpIAAQIECAiwHyBAgAABAoGAAAfoJgkQIECAgAD7AQIECBAgEAgIcIBukgABAgQICLAfIECAAAECgYAAB+gmCRAgQICAAPsBAgQIECAQCAhwgG6SAAECBAgIsB8gQIAAAQKBgAAH6CYJECBAgIAA+wECBAgQIBAICHCAbpIAAQIECAiwHyBAgAABAoGAAAfoJgkQIECAgAD7AQIECBAgEAgIcIBukgABAgQICLAfIECAAAECgYAAB+gmCRAgQICAAPsBAgQIECAQCAhwgG6SAAECBAgIsB8gQIAAAQKBgAAH6CYJECBAgIAA+wECBAgQIBAICHCAbpIAAQIECAiwHyBAgAABAoGAAAfoJgkQIECAgAD7AQIECBAgEAgIcIBukgABAgQICLAfIECAAAECgYAAB+gmCRAgQICAAPsBAgQIECAQCAhwgG6SAAECBAgIsB8gQIAAAQKBgAAH6CYJECBAgIAA+wECBAgQIBAICHCAbpIAAQIECAiwHyBAgAABAoGAAAfoJgkQIECAgAD7AQIECBAgEAgIcIBukgABAgQICLAfIECAAAECgYAAB+gmCRAgQICAAPsBAgQIECAQCAhwgG6SAAECBAgIsB8gQIAAAQKBgAAH6CYJECBAgIAA+wECBAgQIBAICHCAbpIAAQIECAiwHyBAgAABAoGAAAfoJgkQIECAgAD7AQIECBAgEAgIcIBukgABAgQICLAfIECAAAECgYAAB+gmCRAgQICAAPsBAgQIECAQCAhwgG6SAAECBAgIsB8gQIAAAQKBgAAH6CYJECBAgIAA+wECBAgQIBAICHCAbpIAAQIECAiwHyBAgAABAoGAAAfoJgkQIECAgAD7AQIECBAgEAgIcIBukgABAgQICLAfIECAAAECgYAAB+gmCRAgQICAAPsBAgQIECAQCAhwgG6SAAECBAgIsB8gQIAAAQKBgAAH6CYJECBAgIAA+wECBAgQIBAICHCAbpIAAQIECAiwHyBAgAABAoGAAAfoJgkQIECAgAD7AQIECBAgEAgIcIBukgABAgQIHLFxAWmhEwHPAAAAAElFTkSuQmCC</pentrails><costumes><list id=\"2\"></list></costumes><sounds><list id=\"3\"></list></sounds><variables></variables><blocks></blocks><scripts></scripts><sprites><sprite name=\"Sprite\" idx=\"1\" x=\"0\" y=\"0\" heading=\"90\" scale=\"1\" rotation=\"1\" draggable=\"true\" costume=\"0\" color=\"80,80,80\" pen=\"tip\" id=\"8\"><costumes><list id=\"9\"></list></costumes><sounds><list id=\"10\"></list></sounds><blocks></blocks><variables></variables><scripts><script x=\"56\" y=\"158\"><block s=\"turn\"><l>15</l></block></script></scripts></sprite></sprites></stage><hidden></hidden><headers></headers><code></code><blocks></blocks><variables></variables></project>', 1, 6, 1),
(3, '<project name=\"test\" app=\"Snap! 4.2, http://snap.berkeley.edu\" version=\"1\"><notes></notes><thumbnail>data:image/png;base64,iVBORw0KGgoAAAANSUhEUgAAAKAAAAB4CAYAAAB1ovlvAAACpklEQVR4Xu3XQaoaQQBF0ep96FyXo+CGnLggxdXoRnTQASFk8POTkEFfaI7jhkfdOtg6zfM8Dx8FogITgFF5s58CAIKQFgAwzW8cQAbSAgCm+Y0DyEBaAMA0v3EAGUgLAJjmNw4gA2kBANP8xgFkIC0AYJrfOIAMpAUATPMbB5CBtACAaX7jADKQFgAwzW8cQAbSAgCm+Y0DyEBaAMA0v3EAGUgLAJjmNw4gA2kBANP8xgFkIC0AYJrfOIAMpAUATPMbB5CBtACAaX7jADKQFgAwzW8cQAbSAgCm+Y0DyEBaAMA0v3EAGUgLAJjmNw4gA2kBANP8xgFkIC0AYJrfOIAMpAUATPMbB5CBtACAaX7jADKQFgAwzW8cQAbSAgCm+Y0DyEBaAMA0v3EAGUgLAPhN/v1+P87n8zidTukFrX0cwD/c8PF4HPM8f554PB7jfr+P7Xa7dhOLng/Av+Q+HA5fnpimabzf73G9Xhe9rDWOAfifAF+v17jdbms0seiZAPzHV/Dz+fy8gjebzaIXtPYxAL+54d1uNy6Xy/jdK3jtKJY8H4BL1rb19ff0/PNvnjgKBAV8AwbRTf4qACANaQEA0/zGAWQgLQBgmt84gAykBQBM8xsHkIG0AIBpfuMAMpAWADDNbxxABtICAKb5jQPIQFoAwDS/cQAZSAsAmOY3DiADaQEA0/zGAWQgLQBgmt84gAykBQBM8xsHkIG0AIBpfuMAMpAWADDNbxxABtICAKb5jQPIQFoAwDS/cQAZSAsAmOY3DiADaQEA0/zGAWQgLQBgmt84gAykBQBM8xsHkIG0AIBpfuMAMpAWADDNbxxABtICAKb5jQPIQFoAwDS/cQAZSAsAmOY3DiADaQEA0/zGAWQgLQBgmt84gAykBQBM8xv/ASteArcSbq6lAAAAAElFTkSuQmCC</thumbnail><stage name=\"Stage\" width=\"480\" height=\"360\" costume=\"0\" tempo=\"60\" threadsafe=\"false\" lines=\"round\" ternary=\"true\" codify=\"false\" inheritance=\"true\" sublistIDs=\"false\" scheduled=\"false\" id=\"1\"><pentrails>data:image/png;base64,iVBORw0KGgoAAAANSUhEUgAAAeAAAAFoCAYAAACPNyggAAAOhUlEQVR4Xu3VwQkAAAjEMN1/abewn7jAQRC64wgQIECAAIF3gX1fNEiAAAECBAiMAHsCAgQIECAQCAhwgG6SAAECBAgIsB8gQIAAAQKBgAAH6CYJECBAgIAA+wECBAgQIBAICHCAbpIAAQIECAiwHyBAgAABAoGAAAfoJgkQIECAgAD7AQIECBAgEAgIcIBukgABAgQICLAfIECAAAECgYAAB+gmCRAgQICAAPsBAgQIECAQCAhwgG6SAAECBAgIsB8gQIAAAQKBgAAH6CYJECBAgIAA+wECBAgQIBAICHCAbpIAAQIECAiwHyBAgAABAoGAAAfoJgkQIECAgAD7AQIECBAgEAgIcIBukgABAgQICLAfIECAAAECgYAAB+gmCRAgQICAAPsBAgQIECAQCAhwgG6SAAECBAgIsB8gQIAAAQKBgAAH6CYJECBAgIAA+wECBAgQIBAICHCAbpIAAQIECAiwHyBAgAABAoGAAAfoJgkQIECAgAD7AQIECBAgEAgIcIBukgABAgQICLAfIECAAAECgYAAB+gmCRAgQICAAPsBAgQIECAQCAhwgG6SAAECBAgIsB8gQIAAAQKBgAAH6CYJECBAgIAA+wECBAgQIBAICHCAbpIAAQIECAiwHyBAgAABAoGAAAfoJgkQIECAgAD7AQIECBAgEAgIcIBukgABAgQICLAfIECAAAECgYAAB+gmCRAgQICAAPsBAgQIECAQCAhwgG6SAAECBAgIsB8gQIAAAQKBgAAH6CYJECBAgIAA+wECBAgQIBAICHCAbpIAAQIECAiwHyBAgAABAoGAAAfoJgkQIECAgAD7AQIECBAgEAgIcIBukgABAgQICLAfIECAAAECgYAAB+gmCRAgQICAAPsBAgQIECAQCAhwgG6SAAECBAgIsB8gQIAAAQKBgAAH6CYJECBAgIAA+wECBAgQIBAICHCAbpIAAQIECAiwHyBAgAABAoGAAAfoJgkQIECAgAD7AQIECBAgEAgIcIBukgABAgQICLAfIECAAAECgYAAB+gmCRAgQICAAPsBAgQIECAQCAhwgG6SAAECBAgIsB8gQIAAAQKBgAAH6CYJECBAgIAA+wECBAgQIBAICHCAbpIAAQIECAiwHyBAgAABAoGAAAfoJgkQIECAgAD7AQIECBAgEAgIcIBukgABAgQICLAfIECAAAECgYAAB+gmCRAgQICAAPsBAgQIECAQCAhwgG6SAAECBAgIsB8gQIAAAQKBgAAH6CYJECBAgIAA+wECBAgQIBAICHCAbpIAAQIECAiwHyBAgAABAoGAAAfoJgkQIECAgAD7AQIECBAgEAgIcIBukgABAgQICLAfIECAAAECgYAAB+gmCRAgQICAAPsBAgQIECAQCAhwgG6SAAECBAgIsB8gQIAAAQKBgAAH6CYJECBAgIAA+wECBAgQIBAICHCAbpIAAQIECAiwHyBAgAABAoGAAAfoJgkQIECAgAD7AQIECBAgEAgIcIBukgABAgQICLAfIECAAAECgYAAB+gmCRAgQICAAPsBAgQIECAQCAhwgG6SAAECBAgIsB8gQIAAAQKBgAAH6CYJECBAgIAA+wECBAgQIBAICHCAbpIAAQIECAiwHyBAgAABAoGAAAfoJgkQIECAgAD7AQIECBAgEAgIcIBukgABAgQICLAfIECAAAECgYAAB+gmCRAgQICAAPsBAgQIECAQCAhwgG6SAAECBAgIsB8gQIAAAQKBgAAH6CYJECBAgIAA+wECBAgQIBAICHCAbpIAAQIECAiwHyBAgAABAoGAAAfoJgkQIECAgAD7AQIECBAgEAgIcIBukgABAgQICLAfIECAAAECgYAAB+gmCRAgQICAAPsBAgQIECAQCAhwgG6SAAECBAgIsB8gQIAAAQKBgAAH6CYJECBAgIAA+wECBAgQIBAICHCAbpIAAQIECAiwHyBAgAABAoGAAAfoJgkQIECAgAD7AQIECBAgEAgIcIBukgABAgQICLAfIECAAAECgYAAB+gmCRAgQICAAPsBAgQIECAQCAhwgG6SAAECBAgIsB8gQIAAAQKBgAAH6CYJECBAgIAA+wECBAgQIBAICHCAbpIAAQIECAiwHyBAgAABAoGAAAfoJgkQIECAgAD7AQIECBAgEAgIcIBukgABAgQICLAfIECAAAECgYAAB+gmCRAgQICAAPsBAgQIECAQCAhwgG6SAAECBAgIsB8gQIAAAQKBgAAH6CYJECBAgIAA+wECBAgQIBAICHCAbpIAAQIECAiwHyBAgAABAoGAAAfoJgkQIECAgAD7AQIECBAgEAgIcIBukgABAgQICLAfIECAAAECgYAAB+gmCRAgQICAAPsBAgQIECAQCAhwgG6SAAECBAgIsB8gQIAAAQKBgAAH6CYJECBAgIAA+wECBAgQIBAICHCAbpIAAQIECAiwHyBAgAABAoGAAAfoJgkQIECAgAD7AQIECBAgEAgIcIBukgABAgQICLAfIECAAAECgYAAB+gmCRAgQICAAPsBAgQIECAQCAhwgG6SAAECBAgIsB8gQIAAAQKBgAAH6CYJECBAgIAA+wECBAgQIBAICHCAbpIAAQIECAiwHyBAgAABAoGAAAfoJgkQIECAgAD7AQIECBAgEAgIcIBukgABAgQICLAfIECAAAECgYAAB+gmCRAgQICAAPsBAgQIECAQCAhwgG6SAAECBAgIsB8gQIAAAQKBgAAH6CYJECBAgIAA+wECBAgQIBAICHCAbpIAAQIECAiwHyBAgAABAoGAAAfoJgkQIECAgAD7AQIECBAgEAgIcIBukgABAgQICLAfIECAAAECgYAAB+gmCRAgQICAAPsBAgQIECAQCAhwgG6SAAECBAgIsB8gQIAAAQKBgAAH6CYJECBAgIAA+wECBAgQIBAICHCAbpIAAQIECAiwHyBAgAABAoGAAAfoJgkQIECAgAD7AQIECBAgEAgIcIBukgABAgQICLAfIECAAAECgYAAB+gmCRAgQICAAPsBAgQIECAQCAhwgG6SAAECBAgIsB8gQIAAAQKBgAAH6CYJECBAgIAA+wECBAgQIBAICHCAbpIAAQIECAiwHyBAgAABAoGAAAfoJgkQIECAgAD7AQIECBAgEAgIcIBukgABAgQICLAfIECAAAECgYAAB+gmCRAgQICAAPsBAgQIECAQCAhwgG6SAAECBAgIsB8gQIAAAQKBgAAH6CYJECBAgIAA+wECBAgQIBAICHCAbpIAAQIECAiwHyBAgAABAoGAAAfoJgkQIECAgAD7AQIECBAgEAgIcIBukgABAgQICLAfIECAAAECgYAAB+gmCRAgQICAAPsBAgQIECAQCAhwgG6SAAECBAgIsB8gQIAAAQKBgAAH6CYJECBAgIAA+wECBAgQIBAICHCAbpIAAQIECAiwHyBAgAABAoGAAAfoJgkQIECAgAD7AQIECBAgEAgIcIBukgABAgQICLAfIECAAAECgYAAB+gmCRAgQICAAPsBAgQIECAQCAhwgG6SAAECBAgIsB8gQIAAAQKBgAAH6CYJECBAgIAA+wECBAgQIBAICHCAbpIAAQIECAiwHyBAgAABAoGAAAfoJgkQIECAgAD7AQIECBAgEAgIcIBukgABAgQICLAfIECAAAECgYAAB+gmCRAgQICAAPsBAgQIECAQCAhwgG6SAAECBAgIsB8gQIAAAQKBgAAH6CYJECBAgIAA+wECBAgQIBAICHCAbpIAAQIECAiwHyBAgAABAoGAAAfoJgkQIECAgAD7AQIECBAgEAgIcIBukgABAgQICLAfIECAAAECgYAAB+gmCRAgQICAAPsBAgQIECAQCAhwgG6SAAECBAgIsB8gQIAAAQKBgAAH6CYJECBAgIAA+wECBAgQIBAICHCAbpIAAQIECAiwHyBAgAABAoGAAAfoJgkQIECAgAD7AQIECBAgEAgIcIBukgABAgQICLAfIECAAAECgYAAB+gmCRAgQICAAPsBAgQIECAQCAhwgG6SAAECBAgIsB8gQIAAAQKBgAAH6CYJECBAgIAA+wECBAgQIBAICHCAbpIAAQIECAiwHyBAgAABAoGAAAfoJgkQIECAgAD7AQIECBAgEAgIcIBukgABAgQICLAfIECAAAECgYAAB+gmCRAgQICAAPsBAgQIECAQCAhwgG6SAAECBAgIsB8gQIAAAQKBgAAH6CYJECBAgIAA+wECBAgQIBAICHCAbpIAAQIECAiwHyBAgAABAoGAAAfoJgkQIECAgAD7AQIECBAgEAgIcIBukgABAgQICLAfIECAAAECgYAAB+gmCRAgQICAAPsBAgQIECAQCAhwgG6SAAECBAgIsB8gQIAAAQKBgAAH6CYJECBAgIAA+wECBAgQIBAICHCAbpIAAQIECAiwHyBAgAABAoGAAAfoJgkQIECAgAD7AQIECBAgEAgIcIBukgABAgQICLAfIECAAAECgYAAB+gmCRAgQICAAPsBAgQIECAQCAhwgG6SAAECBAgIsB8gQIAAAQKBgAAH6CYJECBAgIAA+wECBAgQIBAICHCAbpIAAQIECAiwHyBAgAABAoGAAAfoJgkQIECAgAD7AQIECBAgEAgIcIBukgABAgQICLAfIECAAAECgYAAB+gmCRAgQICAAPsBAgQIECAQCAhwgG6SAAECBAgIsB8gQIAAAQKBgAAH6CYJECBAgIAA+wECBAgQIBAICHCAbpIAAQIECAiwHyBAgAABAoGAAAfoJgkQIECAgAD7AQIECBAgEAgIcIBukgABAgQICLAfIECAAAECgYAAB+gmCRAgQICAAPsBAgQIECAQCAhwgG6SAAECBAgIsB8gQIAAAQKBgAAH6CYJECBAgIAA+wECBAgQIBAICHCAbpIAAQIECAiwHyBAgAABAoGAAAfoJgkQIECAgAD7AQIECBAgEAgIcIBukgABAgQIHLFxAWmhEwHPAAAAAElFTkSuQmCC</pentrails><costumes><list id=\"2\"></list></costumes><sounds><list id=\"3\"></list></sounds><variables></variables><blocks></blocks><scripts></scripts><sprites><sprite name=\"Sprite\" idx=\"1\" x=\"0\" y=\"0\" heading=\"90\" scale=\"1\" rotation=\"1\" draggable=\"true\" costume=\"0\" color=\"80,80,80\" pen=\"tip\" id=\"8\"><costumes><list id=\"9\"></list></costumes><sounds><list id=\"10\"></list></sounds><blocks></blocks><variables></variables><scripts><script x=\"56\" y=\"158\"><block s=\"turn\"><l>15</l></block></script></scripts></sprite></sprites></stage><hidden></hidden><headers></headers><code></code><blocks></blocks><variables></variables></project>', 2, 5, 1),
(4, '<project name=\"test\" app=\"Snap! 4.2, http://snap.berkeley.edu\" version=\"1\"><notes></notes><thumbnail>data:image/png;base64,iVBORw0KGgoAAAANSUhEUgAAAKAAAAB4CAYAAAB1ovlvAAACpklEQVR4Xu3XQaoaQQBF0ep96FyXo+CGnLggxdXoRnTQASFk8POTkEFfaI7jhkfdOtg6zfM8Dx8FogITgFF5s58CAIKQFgAwzW8cQAbSAgCm+Y0DyEBaAMA0v3EAGUgLAJjmNw4gA2kBANP8xgFkIC0AYJrfOIAMpAUATPMbB5CBtACAaX7jADKQFgAwzW8cQAbSAgCm+Y0DyEBaAMA0v3EAGUgLAJjmNw4gA2kBANP8xgFkIC0AYJrfOIAMpAUATPMbB5CBtACAaX7jADKQFgAwzW8cQAbSAgCm+Y0DyEBaAMA0v3EAGUgLAJjmNw4gA2kBANP8xgFkIC0AYJrfOIAMpAUATPMbB5CBtACAaX7jADKQFgAwzW8cQAbSAgCm+Y0DyEBaAMA0v3EAGUgLAPhN/v1+P87n8zidTukFrX0cwD/c8PF4HPM8f554PB7jfr+P7Xa7dhOLng/Av+Q+HA5fnpimabzf73G9Xhe9rDWOAfifAF+v17jdbms0seiZAPzHV/Dz+fy8gjebzaIXtPYxAL+54d1uNy6Xy/jdK3jtKJY8H4BL1rb19ff0/PNvnjgKBAV8AwbRTf4qACANaQEA0/zGAWQgLQBgmt84gAykBQBM8xsHkIG0AIBpfuMAMpAWADDNbxxABtICAKb5jQPIQFoAwDS/cQAZSAsAmOY3DiADaQEA0/zGAWQgLQBgmt84gAykBQBM8xsHkIG0AIBpfuMAMpAWADDNbxxABtICAKb5jQPIQFoAwDS/cQAZSAsAmOY3DiADaQEA0/zGAWQgLQBgmt84gAykBQBM8xsHkIG0AIBpfuMAMpAWADDNbxxABtICAKb5jQPIQFoAwDS/cQAZSAsAmOY3DiADaQEA0/zGAWQgLQBgmt84gAykBQBM8xv/ASteArcSbq6lAAAAAElFTkSuQmCC</thumbnail><stage name=\"Stage\" width=\"480\" height=\"360\" costume=\"0\" tempo=\"60\" threadsafe=\"false\" lines=\"round\" ternary=\"true\" codify=\"false\" inheritance=\"true\" sublistIDs=\"false\" scheduled=\"false\" id=\"1\"><pentrails>data:image/png;base64,iVBORw0KGgoAAAANSUhEUgAAAeAAAAFoCAYAAACPNyggAAAOhUlEQVR4Xu3VwQkAAAjEMN1/abewn7jAQRC64wgQIECAAIF3gX1fNEiAAAECBAiMAHsCAgQIECAQCAhwgG6SAAECBAgIsB8gQIAAAQKBgAAH6CYJECBAgIAA+wECBAgQIBAICHCAbpIAAQIECAiwHyBAgAABAoGAAAfoJgkQIECAgAD7AQIECBAgEAgIcIBukgABAgQICLAfIECAAAECgYAAB+gmCRAgQICAAPsBAgQIECAQCAhwgG6SAAECBAgIsB8gQIAAAQKBgAAH6CYJECBAgIAA+wECBAgQIBAICHCAbpIAAQIECAiwHyBAgAABAoGAAAfoJgkQIECAgAD7AQIECBAgEAgIcIBukgABAgQICLAfIECAAAECgYAAB+gmCRAgQICAAPsBAgQIECAQCAhwgG6SAAECBAgIsB8gQIAAAQKBgAAH6CYJECBAgIAA+wECBAgQIBAICHCAbpIAAQIECAiwHyBAgAABAoGAAAfoJgkQIECAgAD7AQIECBAgEAgIcIBukgABAgQICLAfIECAAAECgYAAB+gmCRAgQICAAPsBAgQIECAQCAhwgG6SAAECBAgIsB8gQIAAAQKBgAAH6CYJECBAgIAA+wECBAgQIBAICHCAbpIAAQIECAiwHyBAgAABAoGAAAfoJgkQIECAgAD7AQIECBAgEAgIcIBukgABAgQICLAfIECAAAECgYAAB+gmCRAgQICAAPsBAgQIECAQCAhwgG6SAAECBAgIsB8gQIAAAQKBgAAH6CYJECBAgIAA+wECBAgQIBAICHCAbpIAAQIECAiwHyBAgAABAoGAAAfoJgkQIECAgAD7AQIECBAgEAgIcIBukgABAgQICLAfIECAAAECgYAAB+gmCRAgQICAAPsBAgQIECAQCAhwgG6SAAECBAgIsB8gQIAAAQKBgAAH6CYJECBAgIAA+wECBAgQIBAICHCAbpIAAQIECAiwHyBAgAABAoGAAAfoJgkQIECAgAD7AQIECBAgEAgIcIBukgABAgQICLAfIECAAAECgYAAB+gmCRAgQICAAPsBAgQIECAQCAhwgG6SAAECBAgIsB8gQIAAAQKBgAAH6CYJECBAgIAA+wECBAgQIBAICHCAbpIAAQIECAiwHyBAgAABAoGAAAfoJgkQIECAgAD7AQIECBAgEAgIcIBukgABAgQICLAfIECAAAECgYAAB+gmCRAgQICAAPsBAgQIECAQCAhwgG6SAAECBAgIsB8gQIAAAQKBgAAH6CYJECBAgIAA+wECBAgQIBAICHCAbpIAAQIECAiwHyBAgAABAoGAAAfoJgkQIECAgAD7AQIECBAgEAgIcIBukgABAgQICLAfIECAAAECgYAAB+gmCRAgQICAAPsBAgQIECAQCAhwgG6SAAECBAgIsB8gQIAAAQKBgAAH6CYJECBAgIAA+wECBAgQIBAICHCAbpIAAQIECAiwHyBAgAABAoGAAAfoJgkQIECAgAD7AQIECBAgEAgIcIBukgABAgQICLAfIECAAAECgYAAB+gmCRAgQICAAPsBAgQIECAQCAhwgG6SAAECBAgIsB8gQIAAAQKBgAAH6CYJECBAgIAA+wECBAgQIBAICHCAbpIAAQIECAiwHyBAgAABAoGAAAfoJgkQIECAgAD7AQIECBAgEAgIcIBukgABAgQICLAfIECAAAECgYAAB+gmCRAgQICAAPsBAgQIECAQCAhwgG6SAAECBAgIsB8gQIAAAQKBgAAH6CYJECBAgIAA+wECBAgQIBAICHCAbpIAAQIECAiwHyBAgAABAoGAAAfoJgkQIECAgAD7AQIECBAgEAgIcIBukgABAgQICLAfIECAAAECgYAAB+gmCRAgQICAAPsBAgQIECAQCAhwgG6SAAECBAgIsB8gQIAAAQKBgAAH6CYJECBAgIAA+wECBAgQIBAICHCAbpIAAQIECAiwHyBAgAABAoGAAAfoJgkQIECAgAD7AQIECBAgEAgIcIBukgABAgQICLAfIECAAAECgYAAB+gmCRAgQICAAPsBAgQIECAQCAhwgG6SAAECBAgIsB8gQIAAAQKBgAAH6CYJECBAgIAA+wECBAgQIBAICHCAbpIAAQIECAiwHyBAgAABAoGAAAfoJgkQIECAgAD7AQIECBAgEAgIcIBukgABAgQICLAfIECAAAECgYAAB+gmCRAgQICAAPsBAgQIECAQCAhwgG6SAAECBAgIsB8gQIAAAQKBgAAH6CYJECBAgIAA+wECBAgQIBAICHCAbpIAAQIECAiwHyBAgAABAoGAAAfoJgkQIECAgAD7AQIECBAgEAgIcIBukgABAgQICLAfIECAAAECgYAAB+gmCRAgQICAAPsBAgQIECAQCAhwgG6SAAECBAgIsB8gQIAAAQKBgAAH6CYJECBAgIAA+wECBAgQIBAICHCAbpIAAQIECAiwHyBAgAABAoGAAAfoJgkQIECAgAD7AQIECBAgEAgIcIBukgABAgQICLAfIECAAAECgYAAB+gmCRAgQICAAPsBAgQIECAQCAhwgG6SAAECBAgIsB8gQIAAAQKBgAAH6CYJECBAgIAA+wECBAgQIBAICHCAbpIAAQIECAiwHyBAgAABAoGAAAfoJgkQIECAgAD7AQIECBAgEAgIcIBukgABAgQICLAfIECAAAECgYAAB+gmCRAgQICAAPsBAgQIECAQCAhwgG6SAAECBAgIsB8gQIAAAQKBgAAH6CYJECBAgIAA+wECBAgQIBAICHCAbpIAAQIECAiwHyBAgAABAoGAAAfoJgkQIECAgAD7AQIECBAgEAgIcIBukgABAgQICLAfIECAAAECgYAAB+gmCRAgQICAAPsBAgQIECAQCAhwgG6SAAECBAgIsB8gQIAAAQKBgAAH6CYJECBAgIAA+wECBAgQIBAICHCAbpIAAQIECAiwHyBAgAABAoGAAAfoJgkQIECAgAD7AQIECBAgEAgIcIBukgABAgQICLAfIECAAAECgYAAB+gmCRAgQICAAPsBAgQIECAQCAhwgG6SAAECBAgIsB8gQIAAAQKBgAAH6CYJECBAgIAA+wECBAgQIBAICHCAbpIAAQIECAiwHyBAgAABAoGAAAfoJgkQIECAgAD7AQIECBAgEAgIcIBukgABAgQICLAfIECAAAECgYAAB+gmCRAgQICAAPsBAgQIECAQCAhwgG6SAAECBAgIsB8gQIAAAQKBgAAH6CYJECBAgIAA+wECBAgQIBAICHCAbpIAAQIECAiwHyBAgAABAoGAAAfoJgkQIECAgAD7AQIECBAgEAgIcIBukgABAgQICLAfIECAAAECgYAAB+gmCRAgQICAAPsBAgQIECAQCAhwgG6SAAECBAgIsB8gQIAAAQKBgAAH6CYJECBAgIAA+wECBAgQIBAICHCAbpIAAQIECAiwHyBAgAABAoGAAAfoJgkQIECAgAD7AQIECBAgEAgIcIBukgABAgQICLAfIECAAAECgYAAB+gmCRAgQICAAPsBAgQIECAQCAhwgG6SAAECBAgIsB8gQIAAAQKBgAAH6CYJECBAgIAA+wECBAgQIBAICHCAbpIAAQIECAiwHyBAgAABAoGAAAfoJgkQIECAgAD7AQIECBAgEAgIcIBukgABAgQICLAfIECAAAECgYAAB+gmCRAgQICAAPsBAgQIECAQCAhwgG6SAAECBAgIsB8gQIAAAQKBgAAH6CYJECBAgIAA+wECBAgQIBAICHCAbpIAAQIECAiwHyBAgAABAoGAAAfoJgkQIECAgAD7AQIECBAgEAgIcIBukgABAgQICLAfIECAAAECgYAAB+gmCRAgQICAAPsBAgQIECAQCAhwgG6SAAECBAgIsB8gQIAAAQKBgAAH6CYJECBAgIAA+wECBAgQIBAICHCAbpIAAQIECAiwHyBAgAABAoGAAAfoJgkQIECAgAD7AQIECBAgEAgIcIBukgABAgQICLAfIECAAAECgYAAB+gmCRAgQICAAPsBAgQIECAQCAhwgG6SAAECBAgIsB8gQIAAAQKBgAAH6CYJECBAgIAA+wECBAgQIBAICHCAbpIAAQIECAiwHyBAgAABAoGAAAfoJgkQIECAgAD7AQIECBAgEAgIcIBukgABAgQICLAfIECAAAECgYAAB+gmCRAgQICAAPsBAgQIECAQCAhwgG6SAAECBAgIsB8gQIAAAQKBgAAH6CYJECBAgIAA+wECBAgQIBAICHCAbpIAAQIECAiwHyBAgAABAoGAAAfoJgkQIECAgAD7AQIECBAgEAgIcIBukgABAgQICLAfIECAAAECgYAAB+gmCRAgQICAAPsBAgQIECAQCAhwgG6SAAECBAgIsB8gQIAAAQKBgAAH6CYJECBAgIAA+wECBAgQIBAICHCAbpIAAQIECAiwHyBAgAABAoGAAAfoJgkQIECAgAD7AQIECBAgEAgIcIBukgABAgQICLAfIECAAAECgYAAB+gmCRAgQICAAPsBAgQIECAQCAhwgG6SAAECBAgIsB8gQIAAAQKBgAAH6CYJECBAgIAA+wECBAgQIBAICHCAbpIAAQIECAiwHyBAgAABAoGAAAfoJgkQIECAgAD7AQIECBAgEAgIcIBukgABAgQICLAfIECAAAECgYAAB+gmCRAgQICAAPsBAgQIECAQCAhwgG6SAAECBAgIsB8gQIAAAQKBgAAH6CYJECBAgIAA+wECBAgQIBAICHCAbpIAAQIECAiwHyBAgAABAoGAAAfoJgkQIECAgAD7AQIECBAgEAgIcIBukgABAgQICLAfIECAAAECgYAAB+gmCRAgQICAAPsBAgQIECAQCAhwgG6SAAECBAgIsB8gQIAAAQKBgAAH6CYJECBAgIAA+wECBAgQIBAICHCAbpIAAQIECAiwHyBAgAABAoGAAAfoJgkQIECAgAD7AQIECBAgEAgIcIBukgABAgQIHLFxAWmhEwHPAAAAAElFTkSuQmCC</pentrails><costumes><list id=\"2\"></list></costumes><sounds><list id=\"3\"></list></sounds><variables></variables><blocks></blocks><scripts></scripts><sprites><sprite name=\"Sprite\" idx=\"1\" x=\"0\" y=\"0\" heading=\"90\" scale=\"1\" rotation=\"1\" draggable=\"true\" costume=\"0\" color=\"80,80,80\" pen=\"tip\" id=\"8\"><costumes><list id=\"9\"></list></costumes><sounds><list id=\"10\"></list></sounds><blocks></blocks><variables></variables><scripts><script x=\"56\" y=\"158\"><block s=\"turn\"><l>15</l></block></script></scripts></sprite></sprites></stage><hidden></hidden><headers></headers><code></code><blocks></blocks><variables></variables></project>', 2, 6, 0),
(5, '<project name=\"test\" app=\"Snap! 4.2, http://snap.berkeley.edu\" version=\"1\"><notes></notes><thumbnail>data:image/png;base64,iVBORw0KGgoAAAANSUhEUgAAAKAAAAB4CAYAAAB1ovlvAAACpklEQVR4Xu3XQaoaQQBF0ep96FyXo+CGnLggxdXoRnTQASFk8POTkEFfaI7jhkfdOtg6zfM8Dx8FogITgFF5s58CAIKQFgAwzW8cQAbSAgCm+Y0DyEBaAMA0v3EAGUgLAJjmNw4gA2kBANP8xgFkIC0AYJrfOIAMpAUATPMbB5CBtACAaX7jADKQFgAwzW8cQAbSAgCm+Y0DyEBaAMA0v3EAGUgLAJjmNw4gA2kBANP8xgFkIC0AYJrfOIAMpAUATPMbB5CBtACAaX7jADKQFgAwzW8cQAbSAgCm+Y0DyEBaAMA0v3EAGUgLAJjmNw4gA2kBANP8xgFkIC0AYJrfOIAMpAUATPMbB5CBtACAaX7jADKQFgAwzW8cQAbSAgCm+Y0DyEBaAMA0v3EAGUgLAPhN/v1+P87n8zidTukFrX0cwD/c8PF4HPM8f554PB7jfr+P7Xa7dhOLng/Av+Q+HA5fnpimabzf73G9Xhe9rDWOAfifAF+v17jdbms0seiZAPzHV/Dz+fy8gjebzaIXtPYxAL+54d1uNy6Xy/jdK3jtKJY8H4BL1rb19ff0/PNvnjgKBAV8AwbRTf4qACANaQEA0/zGAWQgLQBgmt84gAykBQBM8xsHkIG0AIBpfuMAMpAWADDNbxxABtICAKb5jQPIQFoAwDS/cQAZSAsAmOY3DiADaQEA0/zGAWQgLQBgmt84gAykBQBM8xsHkIG0AIBpfuMAMpAWADDNbxxABtICAKb5jQPIQFoAwDS/cQAZSAsAmOY3DiADaQEA0/zGAWQgLQBgmt84gAykBQBM8xsHkIG0AIBpfuMAMpAWADDNbxxABtICAKb5jQPIQFoAwDS/cQAZSAsAmOY3DiADaQEA0/zGAWQgLQBgmt84gAykBQBM8xv/ASteArcSbq6lAAAAAElFTkSuQmCC</thumbnail><stage name=\"Stage\" width=\"480\" height=\"360\" costume=\"0\" tempo=\"60\" threadsafe=\"false\" lines=\"round\" ternary=\"true\" codify=\"false\" inheritance=\"true\" sublistIDs=\"false\" scheduled=\"false\" id=\"1\"><pentrails>data:image/png;base64,iVBORw0KGgoAAAANSUhEUgAAAeAAAAFoCAYAAACPNyggAAAOhUlEQVR4Xu3VwQkAAAjEMN1/abewn7jAQRC64wgQIECAAIF3gX1fNEiAAAECBAiMAHsCAgQIECAQCAhwgG6SAAECBAgIsB8gQIAAAQKBgAAH6CYJECBAgIAA+wECBAgQIBAICHCAbpIAAQIECAiwHyBAgAABAoGAAAfoJgkQIECAgAD7AQIECBAgEAgIcIBukgABAgQICLAfIECAAAECgYAAB+gmCRAgQICAAPsBAgQIECAQCAhwgG6SAAECBAgIsB8gQIAAAQKBgAAH6CYJECBAgIAA+wECBAgQIBAICHCAbpIAAQIECAiwHyBAgAABAoGAAAfoJgkQIECAgAD7AQIECBAgEAgIcIBukgABAgQICLAfIECAAAECgYAAB+gmCRAgQICAAPsBAgQIECAQCAhwgG6SAAECBAgIsB8gQIAAAQKBgAAH6CYJECBAgIAA+wECBAgQIBAICHCAbpIAAQIECAiwHyBAgAABAoGAAAfoJgkQIECAgAD7AQIECBAgEAgIcIBukgABAgQICLAfIECAAAECgYAAB+gmCRAgQICAAPsBAgQIECAQCAhwgG6SAAECBAgIsB8gQIAAAQKBgAAH6CYJECBAgIAA+wECBAgQIBAICHCAbpIAAQIECAiwHyBAgAABAoGAAAfoJgkQIECAgAD7AQIECBAgEAgIcIBukgABAgQICLAfIECAAAECgYAAB+gmCRAgQICAAPsBAgQIECAQCAhwgG6SAAECBAgIsB8gQIAAAQKBgAAH6CYJECBAgIAA+wECBAgQIBAICHCAbpIAAQIECAiwHyBAgAABAoGAAAfoJgkQIECAgAD7AQIECBAgEAgIcIBukgABAgQICLAfIECAAAECgYAAB+gmCRAgQICAAPsBAgQIECAQCAhwgG6SAAECBAgIsB8gQIAAAQKBgAAH6CYJECBAgIAA+wECBAgQIBAICHCAbpIAAQIECAiwHyBAgAABAoGAAAfoJgkQIECAgAD7AQIECBAgEAgIcIBukgABAgQICLAfIECAAAECgYAAB+gmCRAgQICAAPsBAgQIECAQCAhwgG6SAAECBAgIsB8gQIAAAQKBgAAH6CYJECBAgIAA+wECBAgQIBAICHCAbpIAAQIECAiwHyBAgAABAoGAAAfoJgkQIECAgAD7AQIECBAgEAgIcIBukgABAgQICLAfIECAAAECgYAAB+gmCRAgQICAAPsBAgQIECAQCAhwgG6SAAECBAgIsB8gQIAAAQKBgAAH6CYJECBAgIAA+wECBAgQIBAICHCAbpIAAQIECAiwHyBAgAABAoGAAAfoJgkQIECAgAD7AQIECBAgEAgIcIBukgABAgQICLAfIECAAAECgYAAB+gmCRAgQICAAPsBAgQIECAQCAhwgG6SAAECBAgIsB8gQIAAAQKBgAAH6CYJECBAgIAA+wECBAgQIBAICHCAbpIAAQIECAiwHyBAgAABAoGAAAfoJgkQIECAgAD7AQIECBAgEAgIcIBukgABAgQICLAfIECAAAECgYAAB+gmCRAgQICAAPsBAgQIECAQCAhwgG6SAAECBAgIsB8gQIAAAQKBgAAH6CYJECBAgIAA+wECBAgQIBAICHCAbpIAAQIECAiwHyBAgAABAoGAAAfoJgkQIECAgAD7AQIECBAgEAgIcIBukgABAgQICLAfIECAAAECgYAAB+gmCRAgQICAAPsBAgQIECAQCAhwgG6SAAECBAgIsB8gQIAAAQKBgAAH6CYJECBAgIAA+wECBAgQIBAICHCAbpIAAQIECAiwHyBAgAABAoGAAAfoJgkQIECAgAD7AQIECBAgEAgIcIBukgABAgQICLAfIECAAAECgYAAB+gmCRAgQICAAPsBAgQIECAQCAhwgG6SAAECBAgIsB8gQIAAAQKBgAAH6CYJECBAgIAA+wECBAgQIBAICHCAbpIAAQIECAiwHyBAgAABAoGAAAfoJgkQIECAgAD7AQIECBAgEAgIcIBukgABAgQICLAfIECAAAECgYAAB+gmCRAgQICAAPsBAgQIECAQCAhwgG6SAAECBAgIsB8gQIAAAQKBgAAH6CYJECBAgIAA+wECBAgQIBAICHCAbpIAAQIECAiwHyBAgAABAoGAAAfoJgkQIECAgAD7AQIECBAgEAgIcIBukgABAgQICLAfIECAAAECgYAAB+gmCRAgQICAAPsBAgQIECAQCAhwgG6SAAECBAgIsB8gQIAAAQKBgAAH6CYJECBAgIAA+wECBAgQIBAICHCAbpIAAQIECAiwHyBAgAABAoGAAAfoJgkQIECAgAD7AQIECBAgEAgIcIBukgABAgQICLAfIECAAAECgYAAB+gmCRAgQICAAPsBAgQIECAQCAhwgG6SAAECBAgIsB8gQIAAAQKBgAAH6CYJECBAgIAA+wECBAgQIBAICHCAbpIAAQIECAiwHyBAgAABAoGAAAfoJgkQIECAgAD7AQIECBAgEAgIcIBukgABAgQICLAfIECAAAECgYAAB+gmCRAgQICAAPsBAgQIECAQCAhwgG6SAAECBAgIsB8gQIAAAQKBgAAH6CYJECBAgIAA+wECBAgQIBAICHCAbpIAAQIECAiwHyBAgAABAoGAAAfoJgkQIECAgAD7AQIECBAgEAgIcIBukgABAgQICLAfIECAAAECgYAAB+gmCRAgQICAAPsBAgQIECAQCAhwgG6SAAECBAgIsB8gQIAAAQKBgAAH6CYJECBAgIAA+wECBAgQIBAICHCAbpIAAQIECAiwHyBAgAABAoGAAAfoJgkQIECAgAD7AQIECBAgEAgIcIBukgABAgQICLAfIECAAAECgYAAB+gmCRAgQICAAPsBAgQIECAQCAhwgG6SAAECBAgIsB8gQIAAAQKBgAAH6CYJECBAgIAA+wECBAgQIBAICHCAbpIAAQIECAiwHyBAgAABAoGAAAfoJgkQIECAgAD7AQIECBAgEAgIcIBukgABAgQICLAfIECAAAECgYAAB+gmCRAgQICAAPsBAgQIECAQCAhwgG6SAAECBAgIsB8gQIAAAQKBgAAH6CYJECBAgIAA+wECBAgQIBAICHCAbpIAAQIECAiwHyBAgAABAoGAAAfoJgkQIECAgAD7AQIECBAgEAgIcIBukgABAgQICLAfIECAAAECgYAAB+gmCRAgQICAAPsBAgQIECAQCAhwgG6SAAECBAgIsB8gQIAAAQKBgAAH6CYJECBAgIAA+wECBAgQIBAICHCAbpIAAQIECAiwHyBAgAABAoGAAAfoJgkQIECAgAD7AQIECBAgEAgIcIBukgABAgQICLAfIECAAAECgYAAB+gmCRAgQICAAPsBAgQIECAQCAhwgG6SAAECBAgIsB8gQIAAAQKBgAAH6CYJECBAgIAA+wECBAgQIBAICHCAbpIAAQIECAiwHyBAgAABAoGAAAfoJgkQIECAgAD7AQIECBAgEAgIcIBukgABAgQICLAfIECAAAECgYAAB+gmCRAgQICAAPsBAgQIECAQCAhwgG6SAAECBAgIsB8gQIAAAQKBgAAH6CYJECBAgIAA+wECBAgQIBAICHCAbpIAAQIECAiwHyBAgAABAoGAAAfoJgkQIECAgAD7AQIECBAgEAgIcIBukgABAgQICLAfIECAAAECgYAAB+gmCRAgQICAAPsBAgQIECAQCAhwgG6SAAECBAgIsB8gQIAAAQKBgAAH6CYJECBAgIAA+wECBAgQIBAICHCAbpIAAQIECAiwHyBAgAABAoGAAAfoJgkQIECAgAD7AQIECBAgEAgIcIBukgABAgQICLAfIECAAAECgYAAB+gmCRAgQICAAPsBAgQIECAQCAhwgG6SAAECBAgIsB8gQIAAAQKBgAAH6CYJECBAgIAA+wECBAgQIBAICHCAbpIAAQIECAiwHyBAgAABAoGAAAfoJgkQIECAgAD7AQIECBAgEAgIcIBukgABAgQICLAfIECAAAECgYAAB+gmCRAgQICAAPsBAgQIECAQCAhwgG6SAAECBAgIsB8gQIAAAQKBgAAH6CYJECBAgIAA+wECBAgQIBAICHCAbpIAAQIECAiwHyBAgAABAoGAAAfoJgkQIECAgAD7AQIECBAgEAgIcIBukgABAgQICLAfIECAAAECgYAAB+gmCRAgQICAAPsBAgQIECAQCAhwgG6SAAECBAgIsB8gQIAAAQKBgAAH6CYJECBAgIAA+wECBAgQIBAICHCAbpIAAQIECAiwHyBAgAABAoGAAAfoJgkQIECAgAD7AQIECBAgEAgIcIBukgABAgQICLAfIECAAAECgYAAB+gmCRAgQICAAPsBAgQIECAQCAhwgG6SAAECBAgIsB8gQIAAAQKBgAAH6CYJECBAgIAA+wECBAgQIBAICHCAbpIAAQIECAiwHyBAgAABAoGAAAfoJgkQIECAgAD7AQIECBAgEAgIcIBukgABAgQICLAfIECAAAECgYAAB+gmCRAgQICAAPsBAgQIECAQCAhwgG6SAAECBAgIsB8gQIAAAQKBgAAH6CYJECBAgIAA+wECBAgQIBAICHCAbpIAAQIECAiwHyBAgAABAoGAAAfoJgkQIECAgAD7AQIECBAgEAgIcIBukgABAgQICLAfIECAAAECgYAAB+gmCRAgQICAAPsBAgQIECAQCAhwgG6SAAECBAgIsB8gQIAAAQKBgAAH6CYJECBAgIAA+wECBAgQIBAICHCAbpIAAQIECAiwHyBAgAABAoGAAAfoJgkQIECAgAD7AQIECBAgEAgIcIBukgABAgQICLAfIECAAAECgYAAB+gmCRAgQICAAPsBAgQIECAQCAhwgG6SAAECBAgIsB8gQIAAAQKBgAAH6CYJECBAgIAA+wECBAgQIBAICHCAbpIAAQIECAiwHyBAgAABAoGAAAfoJgkQIECAgAD7AQIECBAgEAgIcIBukgABAgQIHLFxAWmhEwHPAAAAAElFTkSuQmCC</pentrails><costumes><list id=\"2\"></list></costumes><sounds><list id=\"3\"></list></sounds><variables></variables><blocks></blocks><scripts></scripts><sprites><sprite name=\"Sprite\" idx=\"1\" x=\"0\" y=\"0\" heading=\"90\" scale=\"1\" rotation=\"1\" draggable=\"true\" costume=\"0\" color=\"80,80,80\" pen=\"tip\" id=\"8\"><costumes><list id=\"9\"></list></costumes><sounds><list id=\"10\"></list></sounds><blocks></blocks><variables></variables><scripts><script x=\"56\" y=\"158\"><block s=\"turn\"><l>15</l></block></script></scripts></sprite></sprites></stage><hidden></hidden><headers></headers><code></code><blocks></blocks><variables></variables></project>', 1, 2, 1),
(6, '<project name=\"Untitled\" app=\"Snap! 4.2, http://snap.berkeley.edu\" version=\"1\"><notes></notes><thumbnail>data:image/png;base64,iVBORw0KGgoAAAANSUhEUgAAAKAAAAB4CAYAAAB1ovlvAAAAAXNSR0IArs4c6QAAArZJREFUeF7t1zFqKlEAhtEbRbDKErIfNyBoIRKX4nZchPsRGxsJBH0k3SsSHq/wAzlTD/zMdw8zzMv9fr8PlwJRgRcAo/JmvwsACEJaAMA0v3EAGUgLAJjmNw4gA2kBANP8xgFkIC0AYJrfOIAMpAUATPMbB5CBtACAaX7jADKQFgAwzW8cQAbSAgCm+Y0DyEBaAMA0v3EAGUgLAJjmNw4gA2kBANP8xgFkIC0AYJrfOIAMpAUATPMbB5CBtACAaX7jADKQFgAwzW8cQAbSAgCm+Y0DyEBaAMA0v3EAGUgLAJjmNw4gA2kBANP8xgFkIC0AYJrfOIAMpAUATPMbB5CBtACAaX7jADKQFgAwzW8cQAbSAgCm+Y0DyEBaAMA0v3EAGUgLAJjmNw4gA2kBANP8xgFkIC0A4A/5D4fDOJ/PY7FYjLe3t/SQnnkcwB9O93K5jN1uNz4/P8fpdBqr1WpMp9Ox3W7HfD5/ZhMPfTYAf8l9PB7Hfr8fr6+vf911vV6/Id5ut7Ferx96YM82BuB/APz4+BibzWZMJpOxXC6fzcRDnwfAf/wEf73pvj7B7+/vYzabPfSQnnkMQD8hqW8A0/zGAWQgLQBgmt84gAykBQBM8xsHkIG0AIBpfuMAMpAWADDNbxxABtICAKb5jQPIQFoAwDS/cQAZSAsAmOY3DiADaQEA0/zGAWQgLQBgmt84gAykBQBM8xsHkIG0AIBpfuMAMpAWADDNbxxABtICAKb5jQPIQFoAwDS/cQAZSAsAmOY3DiADaQEA0/zGAWQgLQBgmt84gAykBQBM8xsHkIG0AIBpfuMAMpAWADDNbxxABtICAKb5jQPIQFoAwDS/cQAZSAsAmOY3DiADaQEA0/zGAWQgLQBgmt84gAykBQBM8xsHkIG0AIBpfuMAMpAWADDNb/wPTZAXt/+w3A4AAAAASUVORK5CYII=</thumbnail><stage name=\"Stage\" width=\"480\" height=\"360\" costume=\"0\" tempo=\"60\" threadsafe=\"false\" lines=\"round\" ternary=\"false\" codify=\"false\" inheritance=\"true\" sublistIDs=\"false\" scheduled=\"false\" id=\"1\"><pentrails>data:image/png;base64,iVBORw0KGgoAAAANSUhEUgAAAeAAAAFoCAYAAACPNyggAAAAAXNSR0IArs4c6QAADoVJREFUeF7t1cEJAAAIxDDdf2m3sJ+4wEEQuuMIECBAgACBd4F9XzRIgAABAgQIjAB7AgIECBAgEAgIcIBukgABAgQICLAfIECAAAECgYAAB+gmCRAgQICAAPsBAgQIECAQCAhwgG6SAAECBAgIsB8gQIAAAQKBgAAH6CYJECBAgIAA+wECBAgQIBAICHCAbpIAAQIECAiwHyBAgAABAoGAAAfoJgkQIECAgAD7AQIECBAgEAgIcIBukgABAgQICLAfIECAAAECgYAAB+gmCRAgQICAAPsBAgQIECAQCAhwgG6SAAECBAgIsB8gQIAAAQKBgAAH6CYJECBAgIAA+wECBAgQIBAICHCAbpIAAQIECAiwHyBAgAABAoGAAAfoJgkQIECAgAD7AQIECBAgEAgIcIBukgABAgQICLAfIECAAAECgYAAB+gmCRAgQICAAPsBAgQIECAQCAhwgG6SAAECBAgIsB8gQIAAAQKBgAAH6CYJECBAgIAA+wECBAgQIBAICHCAbpIAAQIECAiwHyBAgAABAoGAAAfoJgkQIECAgAD7AQIECBAgEAgIcIBukgABAgQICLAfIECAAAECgYAAB+gmCRAgQICAAPsBAgQIECAQCAhwgG6SAAECBAgIsB8gQIAAAQKBgAAH6CYJECBAgIAA+wECBAgQIBAICHCAbpIAAQIECAiwHyBAgAABAoGAAAfoJgkQIECAgAD7AQIECBAgEAgIcIBukgABAgQICLAfIECAAAECgYAAB+gmCRAgQICAAPsBAgQIECAQCAhwgG6SAAECBAgIsB8gQIAAAQKBgAAH6CYJECBAgIAA+wECBAgQIBAICHCAbpIAAQIECAiwHyBAgAABAoGAAAfoJgkQIECAgAD7AQIECBAgEAgIcIBukgABAgQICLAfIECAAAECgYAAB+gmCRAgQICAAPsBAgQIECAQCAhwgG6SAAECBAgIsB8gQIAAAQKBgAAH6CYJECBAgIAA+wECBAgQIBAICHCAbpIAAQIECAiwHyBAgAABAoGAAAfoJgkQIECAgAD7AQIECBAgEAgIcIBukgABAgQICLAfIECAAAECgYAAB+gmCRAgQICAAPsBAgQIECAQCAhwgG6SAAECBAgIsB8gQIAAAQKBgAAH6CYJECBAgIAA+wECBAgQIBAICHCAbpIAAQIECAiwHyBAgAABAoGAAAfoJgkQIECAgAD7AQIECBAgEAgIcIBukgABAgQICLAfIECAAAECgYAAB+gmCRAgQICAAPsBAgQIECAQCAhwgG6SAAECBAgIsB8gQIAAAQKBgAAH6CYJECBAgIAA+wECBAgQIBAICHCAbpIAAQIECAiwHyBAgAABAoGAAAfoJgkQIECAgAD7AQIECBAgEAgIcIBukgABAgQICLAfIECAAAECgYAAB+gmCRAgQICAAPsBAgQIECAQCAhwgG6SAAECBAgIsB8gQIAAAQKBgAAH6CYJECBAgIAA+wECBAgQIBAICHCAbpIAAQIECAiwHyBAgAABAoGAAAfoJgkQIECAgAD7AQIECBAgEAgIcIBukgABAgQICLAfIECAAAECgYAAB+gmCRAgQICAAPsBAgQIECAQCAhwgG6SAAECBAgIsB8gQIAAAQKBgAAH6CYJECBAgIAA+wECBAgQIBAICHCAbpIAAQIECAiwHyBAgAABAoGAAAfoJgkQIECAgAD7AQIECBAgEAgIcIBukgABAgQICLAfIECAAAECgYAAB+gmCRAgQICAAPsBAgQIECAQCAhwgG6SAAECBAgIsB8gQIAAAQKBgAAH6CYJECBAgIAA+wECBAgQIBAICHCAbpIAAQIECAiwHyBAgAABAoGAAAfoJgkQIECAgAD7AQIECBAgEAgIcIBukgABAgQICLAfIECAAAECgYAAB+gmCRAgQICAAPsBAgQIECAQCAhwgG6SAAECBAgIsB8gQIAAAQKBgAAH6CYJECBAgIAA+wECBAgQIBAICHCAbpIAAQIECAiwHyBAgAABAoGAAAfoJgkQIECAgAD7AQIECBAgEAgIcIBukgABAgQICLAfIECAAAECgYAAB+gmCRAgQICAAPsBAgQIECAQCAhwgG6SAAECBAgIsB8gQIAAAQKBgAAH6CYJECBAgIAA+wECBAgQIBAICHCAbpIAAQIECAiwHyBAgAABAoGAAAfoJgkQIECAgAD7AQIECBAgEAgIcIBukgABAgQICLAfIECAAAECgYAAB+gmCRAgQICAAPsBAgQIECAQCAhwgG6SAAECBAgIsB8gQIAAAQKBgAAH6CYJECBAgIAA+wECBAgQIBAICHCAbpIAAQIECAiwHyBAgAABAoGAAAfoJgkQIECAgAD7AQIECBAgEAgIcIBukgABAgQICLAfIECAAAECgYAAB+gmCRAgQICAAPsBAgQIECAQCAhwgG6SAAECBAgIsB8gQIAAAQKBgAAH6CYJECBAgIAA+wECBAgQIBAICHCAbpIAAQIECAiwHyBAgAABAoGAAAfoJgkQIECAgAD7AQIECBAgEAgIcIBukgABAgQICLAfIECAAAECgYAAB+gmCRAgQICAAPsBAgQIECAQCAhwgG6SAAECBAgIsB8gQIAAAQKBgAAH6CYJECBAgIAA+wECBAgQIBAICHCAbpIAAQIECAiwHyBAgAABAoGAAAfoJgkQIECAgAD7AQIECBAgEAgIcIBukgABAgQICLAfIECAAAECgYAAB+gmCRAgQICAAPsBAgQIECAQCAhwgG6SAAECBAgIsB8gQIAAAQKBgAAH6CYJECBAgIAA+wECBAgQIBAICHCAbpIAAQIECAiwHyBAgAABAoGAAAfoJgkQIECAgAD7AQIECBAgEAgIcIBukgABAgQICLAfIECAAAECgYAAB+gmCRAgQICAAPsBAgQIECAQCAhwgG6SAAECBAgIsB8gQIAAAQKBgAAH6CYJECBAgIAA+wECBAgQIBAICHCAbpIAAQIECAiwHyBAgAABAoGAAAfoJgkQIECAgAD7AQIECBAgEAgIcIBukgABAgQICLAfIECAAAECgYAAB+gmCRAgQICAAPsBAgQIECAQCAhwgG6SAAECBAgIsB8gQIAAAQKBgAAH6CYJECBAgIAA+wECBAgQIBAICHCAbpIAAQIECAiwHyBAgAABAoGAAAfoJgkQIECAgAD7AQIECBAgEAgIcIBukgABAgQICLAfIECAAAECgYAAB+gmCRAgQICAAPsBAgQIECAQCAhwgG6SAAECBAgIsB8gQIAAAQKBgAAH6CYJECBAgIAA+wECBAgQIBAICHCAbpIAAQIECAiwHyBAgAABAoGAAAfoJgkQIECAgAD7AQIECBAgEAgIcIBukgABAgQICLAfIECAAAECgYAAB+gmCRAgQICAAPsBAgQIECAQCAhwgG6SAAECBAgIsB8gQIAAAQKBgAAH6CYJECBAgIAA+wECBAgQIBAICHCAbpIAAQIECAiwHyBAgAABAoGAAAfoJgkQIECAgAD7AQIECBAgEAgIcIBukgABAgQICLAfIECAAAECgYAAB+gmCRAgQICAAPsBAgQIECAQCAhwgG6SAAECBAgIsB8gQIAAAQKBgAAH6CYJECBAgIAA+wECBAgQIBAICHCAbpIAAQIECAiwHyBAgAABAoGAAAfoJgkQIECAgAD7AQIECBAgEAgIcIBukgABAgQICLAfIECAAAECgYAAB+gmCRAgQICAAPsBAgQIECAQCAhwgG6SAAECBAgIsB8gQIAAAQKBgAAH6CYJECBAgIAA+wECBAgQIBAICHCAbpIAAQIECAiwHyBAgAABAoGAAAfoJgkQIECAgAD7AQIECBAgEAgIcIBukgABAgQICLAfIECAAAECgYAAB+gmCRAgQICAAPsBAgQIECAQCAhwgG6SAAECBAgIsB8gQIAAAQKBgAAH6CYJECBAgIAA+wECBAgQIBAICHCAbpIAAQIECAiwHyBAgAABAoGAAAfoJgkQIECAgAD7AQIECBAgEAgIcIBukgABAgQICLAfIECAAAECgYAAB+gmCRAgQICAAPsBAgQIECAQCAhwgG6SAAECBAgIsB8gQIAAAQKBgAAH6CYJECBAgIAA+wECBAgQIBAICHCAbpIAAQIECAiwHyBAgAABAoGAAAfoJgkQIECAgAD7AQIECBAgEAgIcIBukgABAgQICLAfIECAAAECgYAAB+gmCRAgQICAAPsBAgQIECAQCAhwgG6SAAECBAgIsB8gQIAAAQKBgAAH6CYJECBAgIAA+wECBAgQIBAICHCAbpIAAQIECAiwHyBAgAABAoGAAAfoJgkQIECAgAD7AQIECBAgEAgIcIBukgABAgQICLAfIECAAAECgYAAB+gmCRAgQICAAPsBAgQIECAQCAhwgG6SAAECBAgIsB8gQIAAAQKBgAAH6CYJECBAgIAA+wECBAgQIBAICHCAbpIAAQIECAiwHyBAgAABAoGAAAfoJgkQIECAgAD7AQIECBAgEAgIcIBukgABAgQICLAfIECAAAECgYAAB+gmCRAgQICAAPsBAgQIECAQCAhwgG6SAAECBAgIsB8gQIAAAQKBgAAH6CYJECBAgIAA+wECBAgQIBAICHCAbpIAAQIECAiwHyBAgAABAoGAAAfoJgkQIECAgAD7AQIECBAgEAgIcIBukgABAgQICLAfIECAAAECgYAAB+gmCRAgQICAAPsBAgQIECAQCAhwgG6SAAECBAgIsB8gQIAAAQKBgAAH6CYJECBAgIAA+wECBAgQIBAICHCAbpIAAQIECAiwHyBAgAABAoGAAAfoJgkQIECAgAD7AQIECBAgEAgIcIBukgABAgQICLAfIECAAAECgYAAB+gmCRAgQICAAPsBAgQIECAQCAhwgG6SAAECBAgIsB8gQIAAAQKBgAAH6CYJECBAgIAA+wECBAgQIBAICHCAbpIAAQIECByxcQFpoRMBzwAAAABJRU5ErkJggg==</pentrails><costumes><list id=\"2\"></list></costumes><sounds><list id=\"3\"></list></sounds><variables></variables><blocks></blocks><scripts></scripts><sprites><sprite name=\"Sprite\" idx=\"1\" x=\"0\" y=\"0\" heading=\"90\" scale=\"1\" rotation=\"1\" draggable=\"true\" costume=\"0\" color=\"80,80,80\" pen=\"tip\" id=\"8\"><costumes><list id=\"9\"></list></costumes><sounds><list id=\"10\"></list></sounds><blocks></blocks><variables></variables><scripts><script x=\"52\" y=\"126\"><block s=\"forward\"><l>10</l></block></script></scripts></sprite></sprites></stage><hidden></hidden><headers></headers><code></code><blocks></blocks><variables></variables></project>', 8, 11, 0),
(7, '<project name=\"Untitled\" app=\"Snap! 4.2, http://snap.berkeley.edu\" version=\"1\"><notes></notes><thumbnail>data:image/png;base64,iVBORw0KGgoAAAANSUhEUgAAAKAAAAB4CAYAAAB1ovlvAAAAAXNSR0IArs4c6QAAArZJREFUeF7t1zFqKlEAhtEbRbDKErIfNyBoIRKX4nZchPsRGxsJBH0k3SsSHq/wAzlTD/zMdw8zzMv9fr8PlwJRgRcAo/JmvwsACEJaAMA0v3EAGUgLAJjmNw4gA2kBANP8xgFkIC0AYJrfOIAMpAUATPMbB5CBtACAaX7jADKQFgAwzW8cQAbSAgCm+Y0DyEBaAMA0v3EAGUgLAJjmNw4gA2kBANP8xgFkIC0AYJrfOIAMpAUATPMbB5CBtACAaX7jADKQFgAwzW8cQAbSAgCm+Y0DyEBaAMA0v3EAGUgLAJjmNw4gA2kBANP8xgFkIC0AYJrfOIAMpAUATPMbB5CBtACAaX7jADKQFgAwzW8cQAbSAgCm+Y0DyEBaAMA0v3EAGUgLAJjmNw4gA2kBANP8xgFkIC0A4A/5D4fDOJ/PY7FYjLe3t/SQnnkcwB9O93K5jN1uNz4/P8fpdBqr1WpMp9Ox3W7HfD5/ZhMPfTYAf8l9PB7Hfr8fr6+vf911vV6/Id5ut7Ferx96YM82BuB/APz4+BibzWZMJpOxXC6fzcRDnwfAf/wEf73pvj7B7+/vYzabPfSQnnkMQD8hqW8A0/zGAWQgLQBgmt84gAykBQBM8xsHkIG0AIBpfuMAMpAWADDNbxxABtICAKb5jQPIQFoAwDS/cQAZSAsAmOY3DiADaQEA0/zGAWQgLQBgmt84gAykBQBM8xsHkIG0AIBpfuMAMpAWADDNbxxABtICAKb5jQPIQFoAwDS/cQAZSAsAmOY3DiADaQEA0/zGAWQgLQBgmt84gAykBQBM8xsHkIG0AIBpfuMAMpAWADDNbxxABtICAKb5jQPIQFoAwDS/cQAZSAsAmOY3DiADaQEA0/zGAWQgLQBgmt84gAykBQBM8xsHkIG0AIBpfuMAMpAWADDNb/wPTZAXt/+w3A4AAAAASUVORK5CYII=</thumbnail><stage name=\"Stage\" width=\"480\" height=\"360\" costume=\"0\" tempo=\"60\" threadsafe=\"false\" lines=\"round\" ternary=\"false\" codify=\"false\" inheritance=\"true\" sublistIDs=\"false\" scheduled=\"false\" id=\"1\"><pentrails>data:image/png;base64,iVBORw0KGgoAAAANSUhEUgAAAeAAAAFoCAYAAACPNyggAAAAAXNSR0IArs4c6QAADoVJREFUeF7t1cEJAAAIxDDdf2m3sJ+4wEEQuuMIECBAgACBd4F9XzRIgAABAgQIjAB7AgIECBAgEAgIcIBukgABAgQICLAfIECAAAECgYAAB+gmCRAgQICAAPsBAgQIECAQCAhwgG6SAAECBAgIsB8gQIAAAQKBgAAH6CYJECBAgIAA+wECBAgQIBAICHCAbpIAAQIECAiwHyBAgAABAoGAAAfoJgkQIECAgAD7AQIECBAgEAgIcIBukgABAgQICLAfIECAAAECgYAAB+gmCRAgQICAAPsBAgQIECAQCAhwgG6SAAECBAgIsB8gQIAAAQKBgAAH6CYJECBAgIAA+wECBAgQIBAICHCAbpIAAQIECAiwHyBAgAABAoGAAAfoJgkQIECAgAD7AQIECBAgEAgIcIBukgABAgQICLAfIECAAAECgYAAB+gmCRAgQICAAPsBAgQIECAQCAhwgG6SAAECBAgIsB8gQIAAAQKBgAAH6CYJECBAgIAA+wECBAgQIBAICHCAbpIAAQIECAiwHyBAgAABAoGAAAfoJgkQIECAgAD7AQIECBAgEAgIcIBukgABAgQICLAfIECAAAECgYAAB+gmCRAgQICAAPsBAgQIECAQCAhwgG6SAAECBAgIsB8gQIAAAQKBgAAH6CYJECBAgIAA+wECBAgQIBAICHCAbpIAAQIECAiwHyBAgAABAoGAAAfoJgkQIECAgAD7AQIECBAgEAgIcIBukgABAgQICLAfIECAAAECgYAAB+gmCRAgQICAAPsBAgQIECAQCAhwgG6SAAECBAgIsB8gQIAAAQKBgAAH6CYJECBAgIAA+wECBAgQIBAICHCAbpIAAQIECAiwHyBAgAABAoGAAAfoJgkQIECAgAD7AQIECBAgEAgIcIBukgABAgQICLAfIECAAAECgYAAB+gmCRAgQICAAPsBAgQIECAQCAhwgG6SAAECBAgIsB8gQIAAAQKBgAAH6CYJECBAgIAA+wECBAgQIBAICHCAbpIAAQIECAiwHyBAgAABAoGAAAfoJgkQIECAgAD7AQIECBAgEAgIcIBukgABAgQICLAfIECAAAECgYAAB+gmCRAgQICAAPsBAgQIECAQCAhwgG6SAAECBAgIsB8gQIAAAQKBgAAH6CYJECBAgIAA+wECBAgQIBAICHCAbpIAAQIECAiwHyBAgAABAoGAAAfoJgkQIECAgAD7AQIECBAgEAgIcIBukgABAgQICLAfIECAAAECgYAAB+gmCRAgQICAAPsBAgQIECAQCAhwgG6SAAECBAgIsB8gQIAAAQKBgAAH6CYJECBAgIAA+wECBAgQIBAICHCAbpIAAQIECAiwHyBAgAABAoGAAAfoJgkQIECAgAD7AQIECBAgEAgIcIBukgABAgQICLAfIECAAAECgYAAB+gmCRAgQICAAPsBAgQIECAQCAhwgG6SAAECBAgIsB8gQIAAAQKBgAAH6CYJECBAgIAA+wECBAgQIBAICHCAbpIAAQIECAiwHyBAgAABAoGAAAfoJgkQIECAgAD7AQIECBAgEAgIcIBukgABAgQICLAfIECAAAECgYAAB+gmCRAgQICAAPsBAgQIECAQCAhwgG6SAAECBAgIsB8gQIAAAQKBgAAH6CYJECBAgIAA+wECBAgQIBAICHCAbpIAAQIECAiwHyBAgAABAoGAAAfoJgkQIECAgAD7AQIECBAgEAgIcIBukgABAgQICLAfIECAAAECgYAAB+gmCRAgQICAAPsBAgQIECAQCAhwgG6SAAECBAgIsB8gQIAAAQKBgAAH6CYJECBAgIAA+wECBAgQIBAICHCAbpIAAQIECAiwHyBAgAABAoGAAAfoJgkQIECAgAD7AQIECBAgEAgIcIBukgABAgQICLAfIECAAAECgYAAB+gmCRAgQICAAPsBAgQIECAQCAhwgG6SAAECBAgIsB8gQIAAAQKBgAAH6CYJECBAgIAA+wECBAgQIBAICHCAbpIAAQIECAiwHyBAgAABAoGAAAfoJgkQIECAgAD7AQIECBAgEAgIcIBukgABAgQICLAfIECAAAECgYAAB+gmCRAgQICAAPsBAgQIECAQCAhwgG6SAAECBAgIsB8gQIAAAQKBgAAH6CYJECBAgIAA+wECBAgQIBAICHCAbpIAAQIECAiwHyBAgAABAoGAAAfoJgkQIECAgAD7AQIECBAgEAgIcIBukgABAgQICLAfIECAAAECgYAAB+gmCRAgQICAAPsBAgQIECAQCAhwgG6SAAECBAgIsB8gQIAAAQKBgAAH6CYJECBAgIAA+wECBAgQIBAICHCAbpIAAQIECAiwHyBAgAABAoGAAAfoJgkQIECAgAD7AQIECBAgEAgIcIBukgABAgQICLAfIECAAAECgYAAB+gmCRAgQICAAPsBAgQIECAQCAhwgG6SAAECBAgIsB8gQIAAAQKBgAAH6CYJECBAgIAA+wECBAgQIBAICHCAbpIAAQIECAiwHyBAgAABAoGAAAfoJgkQIECAgAD7AQIECBAgEAgIcIBukgABAgQICLAfIECAAAECgYAAB+gmCRAgQICAAPsBAgQIECAQCAhwgG6SAAECBAgIsB8gQIAAAQKBgAAH6CYJECBAgIAA+wECBAgQIBAICHCAbpIAAQIECAiwHyBAgAABAoGAAAfoJgkQIECAgAD7AQIECBAgEAgIcIBukgABAgQICLAfIECAAAECgYAAB+gmCRAgQICAAPsBAgQIECAQCAhwgG6SAAECBAgIsB8gQIAAAQKBgAAH6CYJECBAgIAA+wECBAgQIBAICHCAbpIAAQIECAiwHyBAgAABAoGAAAfoJgkQIECAgAD7AQIECBAgEAgIcIBukgABAgQICLAfIECAAAECgYAAB+gmCRAgQICAAPsBAgQIECAQCAhwgG6SAAECBAgIsB8gQIAAAQKBgAAH6CYJECBAgIAA+wECBAgQIBAICHCAbpIAAQIECAiwHyBAgAABAoGAAAfoJgkQIECAgAD7AQIECBAgEAgIcIBukgABAgQICLAfIECAAAECgYAAB+gmCRAgQICAAPsBAgQIECAQCAhwgG6SAAECBAgIsB8gQIAAAQKBgAAH6CYJECBAgIAA+wECBAgQIBAICHCAbpIAAQIECAiwHyBAgAABAoGAAAfoJgkQIECAgAD7AQIECBAgEAgIcIBukgABAgQICLAfIECAAAECgYAAB+gmCRAgQICAAPsBAgQIECAQCAhwgG6SAAECBAgIsB8gQIAAAQKBgAAH6CYJECBAgIAA+wECBAgQIBAICHCAbpIAAQIECAiwHyBAgAABAoGAAAfoJgkQIECAgAD7AQIECBAgEAgIcIBukgABAgQICLAfIECAAAECgYAAB+gmCRAgQICAAPsBAgQIECAQCAhwgG6SAAECBAgIsB8gQIAAAQKBgAAH6CYJECBAgIAA+wECBAgQIBAICHCAbpIAAQIECAiwHyBAgAABAoGAAAfoJgkQIECAgAD7AQIECBAgEAgIcIBukgABAgQICLAfIECAAAECgYAAB+gmCRAgQICAAPsBAgQIECAQCAhwgG6SAAECBAgIsB8gQIAAAQKBgAAH6CYJECBAgIAA+wECBAgQIBAICHCAbpIAAQIECAiwHyBAgAABAoGAAAfoJgkQIECAgAD7AQIECBAgEAgIcIBukgABAgQICLAfIECAAAECgYAAB+gmCRAgQICAAPsBAgQIECAQCAhwgG6SAAECBAgIsB8gQIAAAQKBgAAH6CYJECBAgIAA+wECBAgQIBAICHCAbpIAAQIECAiwHyBAgAABAoGAAAfoJgkQIECAgAD7AQIECBAgEAgIcIBukgABAgQICLAfIECAAAECgYAAB+gmCRAgQICAAPsBAgQIECAQCAhwgG6SAAECBAgIsB8gQIAAAQKBgAAH6CYJECBAgIAA+wECBAgQIBAICHCAbpIAAQIECAiwHyBAgAABAoGAAAfoJgkQIECAgAD7AQIECBAgEAgIcIBukgABAgQICLAfIECAAAECgYAAB+gmCRAgQICAAPsBAgQIECAQCAhwgG6SAAECBAgIsB8gQIAAAQKBgAAH6CYJECBAgIAA+wECBAgQIBAICHCAbpIAAQIECAiwHyBAgAABAoGAAAfoJgkQIECAgAD7AQIECBAgEAgIcIBukgABAgQICLAfIECAAAECgYAAB+gmCRAgQICAAPsBAgQIECAQCAhwgG6SAAECBAgIsB8gQIAAAQKBgAAH6CYJECBAgIAA+wECBAgQIBAICHCAbpIAAQIECAiwHyBAgAABAoGAAAfoJgkQIECAgAD7AQIECBAgEAgIcIBukgABAgQICLAfIECAAAECgYAAB+gmCRAgQICAAPsBAgQIECAQCAhwgG6SAAECBAgIsB8gQIAAAQKBgAAH6CYJECBAgIAA+wECBAgQIBAICHCAbpIAAQIECAiwHyBAgAABAoGAAAfoJgkQIECAgAD7AQIECBAgEAgIcIBukgABAgQICLAfIECAAAECgYAAB+gmCRAgQICAAPsBAgQIECAQCAhwgG6SAAECBAgIsB8gQIAAAQKBgAAH6CYJECBAgIAA+wECBAgQIBAICHCAbpIAAQIECAiwHyBAgAABAoGAAAfoJgkQIECAgAD7AQIECBAgEAgIcIBukgABAgQICLAfIECAAAECgYAAB+gmCRAgQICAAPsBAgQIECAQCAhwgG6SAAECBAgIsB8gQIAAAQKBgAAH6CYJECBAgIAA+wECBAgQIBAICHCAbpIAAQIECAiwHyBAgAABAoGAAAfoJgkQIECAgAD7AQIECBAgEAgIcIBukgABAgQICLAfIECAAAECgYAAB+gmCRAgQICAAPsBAgQIECAQCAhwgG6SAAECBAgIsB8gQIAAAQKBgAAH6CYJECBAgIAA+wECBAgQIBAICHCAbpIAAQIECByxcQFpoRMBzwAAAABJRU5ErkJggg==</pentrails><costumes><list id=\"2\"></list></costumes><sounds><list id=\"3\"></list></sounds><variables></variables><blocks></blocks><scripts></scripts><sprites><sprite name=\"Sprite\" idx=\"1\" x=\"0\" y=\"0\" heading=\"90\" scale=\"1\" rotation=\"1\" draggable=\"true\" costume=\"0\" color=\"80,80,80\" pen=\"tip\" id=\"8\"><costumes><list id=\"9\"></list></costumes><sounds><list id=\"10\"></list></sounds><blocks></blocks><variables></variables><scripts><script x=\"52\" y=\"126\"><block s=\"forward\"><l>10</l></block></script></scripts></sprite></sprites></stage><hidden></hidden><headers></headers><code></code><blocks></blocks><variables></variables></project>', 8, 12, 0);
INSERT INTO `submission` (`id`, `submission_code`, `assignment_id`, `user_id`, `is_submitted`) VALUES
(8, '<project name=\"Untitled\" app=\"Snap! 4.2, http://snap.berkeley.edu\" version=\"1\"><notes></notes><thumbnail>data:image/png;base64,iVBORw0KGgoAAAANSUhEUgAAAKAAAAB4CAYAAAB1ovlvAAAAAXNSR0IArs4c6QAAArZJREFUeF7t1zFqKlEAhtEbRbDKErIfNyBoIRKX4nZchPsRGxsJBH0k3SsSHq/wAzlTD/zMdw8zzMv9fr8PlwJRgRcAo/JmvwsACEJaAMA0v3EAGUgLAJjmNw4gA2kBANP8xgFkIC0AYJrfOIAMpAUATPMbB5CBtACAaX7jADKQFgAwzW8cQAbSAgCm+Y0DyEBaAMA0v3EAGUgLAJjmNw4gA2kBANP8xgFkIC0AYJrfOIAMpAUATPMbB5CBtACAaX7jADKQFgAwzW8cQAbSAgCm+Y0DyEBaAMA0v3EAGUgLAJjmNw4gA2kBANP8xgFkIC0AYJrfOIAMpAUATPMbB5CBtACAaX7jADKQFgAwzW8cQAbSAgCm+Y0DyEBaAMA0v3EAGUgLAJjmNw4gA2kBANP8xgFkIC0A4A/5D4fDOJ/PY7FYjLe3t/SQnnkcwB9O93K5jN1uNz4/P8fpdBqr1WpMp9Ox3W7HfD5/ZhMPfTYAf8l9PB7Hfr8fr6+vf911vV6/Id5ut7Ferx96YM82BuB/APz4+BibzWZMJpOxXC6fzcRDnwfAf/wEf73pvj7B7+/vYzabPfSQnnkMQD8hqW8A0/zGAWQgLQBgmt84gAykBQBM8xsHkIG0AIBpfuMAMpAWADDNbxxABtICAKb5jQPIQFoAwDS/cQAZSAsAmOY3DiADaQEA0/zGAWQgLQBgmt84gAykBQBM8xsHkIG0AIBpfuMAMpAWADDNbxxABtICAKb5jQPIQFoAwDS/cQAZSAsAmOY3DiADaQEA0/zGAWQgLQBgmt84gAykBQBM8xsHkIG0AIBpfuMAMpAWADDNbxxABtICAKb5jQPIQFoAwDS/cQAZSAsAmOY3DiADaQEA0/zGAWQgLQBgmt84gAykBQBM8xsHkIG0AIBpfuMAMpAWADDNb/wPTZAXt/+w3A4AAAAASUVORK5CYII=</thumbnail><stage name=\"Stage\" width=\"480\" height=\"360\" costume=\"0\" tempo=\"60\" threadsafe=\"false\" lines=\"round\" ternary=\"false\" codify=\"false\" inheritance=\"true\" sublistIDs=\"false\" scheduled=\"false\" id=\"1\"><pentrails>data:image/png;base64,iVBORw0KGgoAAAANSUhEUgAAAeAAAAFoCAYAAACPNyggAAAAAXNSR0IArs4c6QAADoVJREFUeF7t1cEJAAAIxDDdf2m3sJ+4wEEQuuMIECBAgACBd4F9XzRIgAABAgQIjAB7AgIECBAgEAgIcIBukgABAgQICLAfIECAAAECgYAAB+gmCRAgQICAAPsBAgQIECAQCAhwgG6SAAECBAgIsB8gQIAAAQKBgAAH6CYJECBAgIAA+wECBAgQIBAICHCAbpIAAQIECAiwHyBAgAABAoGAAAfoJgkQIECAgAD7AQIECBAgEAgIcIBukgABAgQICLAfIECAAAECgYAAB+gmCRAgQICAAPsBAgQIECAQCAhwgG6SAAECBAgIsB8gQIAAAQKBgAAH6CYJECBAgIAA+wECBAgQIBAICHCAbpIAAQIECAiwHyBAgAABAoGAAAfoJgkQIECAgAD7AQIECBAgEAgIcIBukgABAgQICLAfIECAAAECgYAAB+gmCRAgQICAAPsBAgQIECAQCAhwgG6SAAECBAgIsB8gQIAAAQKBgAAH6CYJECBAgIAA+wECBAgQIBAICHCAbpIAAQIECAiwHyBAgAABAoGAAAfoJgkQIECAgAD7AQIECBAgEAgIcIBukgABAgQICLAfIECAAAECgYAAB+gmCRAgQICAAPsBAgQIECAQCAhwgG6SAAECBAgIsB8gQIAAAQKBgAAH6CYJECBAgIAA+wECBAgQIBAICHCAbpIAAQIECAiwHyBAgAABAoGAAAfoJgkQIECAgAD7AQIECBAgEAgIcIBukgABAgQICLAfIECAAAECgYAAB+gmCRAgQICAAPsBAgQIECAQCAhwgG6SAAECBAgIsB8gQIAAAQKBgAAH6CYJECBAgIAA+wECBAgQIBAICHCAbpIAAQIECAiwHyBAgAABAoGAAAfoJgkQIECAgAD7AQIECBAgEAgIcIBukgABAgQICLAfIECAAAECgYAAB+gmCRAgQICAAPsBAgQIECAQCAhwgG6SAAECBAgIsB8gQIAAAQKBgAAH6CYJECBAgIAA+wECBAgQIBAICHCAbpIAAQIECAiwHyBAgAABAoGAAAfoJgkQIECAgAD7AQIECBAgEAgIcIBukgABAgQICLAfIECAAAECgYAAB+gmCRAgQICAAPsBAgQIECAQCAhwgG6SAAECBAgIsB8gQIAAAQKBgAAH6CYJECBAgIAA+wECBAgQIBAICHCAbpIAAQIECAiwHyBAgAABAoGAAAfoJgkQIECAgAD7AQIECBAgEAgIcIBukgABAgQICLAfIECAAAECgYAAB+gmCRAgQICAAPsBAgQIECAQCAhwgG6SAAECBAgIsB8gQIAAAQKBgAAH6CYJECBAgIAA+wECBAgQIBAICHCAbpIAAQIECAiwHyBAgAABAoGAAAfoJgkQIECAgAD7AQIECBAgEAgIcIBukgABAgQICLAfIECAAAECgYAAB+gmCRAgQICAAPsBAgQIECAQCAhwgG6SAAECBAgIsB8gQIAAAQKBgAAH6CYJECBAgIAA+wECBAgQIBAICHCAbpIAAQIECAiwHyBAgAABAoGAAAfoJgkQIECAgAD7AQIECBAgEAgIcIBukgABAgQICLAfIECAAAECgYAAB+gmCRAgQICAAPsBAgQIECAQCAhwgG6SAAECBAgIsB8gQIAAAQKBgAAH6CYJECBAgIAA+wECBAgQIBAICHCAbpIAAQIECAiwHyBAgAABAoGAAAfoJgkQIECAgAD7AQIECBAgEAgIcIBukgABAgQICLAfIECAAAECgYAAB+gmCRAgQICAAPsBAgQIECAQCAhwgG6SAAECBAgIsB8gQIAAAQKBgAAH6CYJECBAgIAA+wECBAgQIBAICHCAbpIAAQIECAiwHyBAgAABAoGAAAfoJgkQIECAgAD7AQIECBAgEAgIcIBukgABAgQICLAfIECAAAECgYAAB+gmCRAgQICAAPsBAgQIECAQCAhwgG6SAAECBAgIsB8gQIAAAQKBgAAH6CYJECBAgIAA+wECBAgQIBAICHCAbpIAAQIECAiwHyBAgAABAoGAAAfoJgkQIECAgAD7AQIECBAgEAgIcIBukgABAgQICLAfIECAAAECgYAAB+gmCRAgQICAAPsBAgQIECAQCAhwgG6SAAECBAgIsB8gQIAAAQKBgAAH6CYJECBAgIAA+wECBAgQIBAICHCAbpIAAQIECAiwHyBAgAABAoGAAAfoJgkQIECAgAD7AQIECBAgEAgIcIBukgABAgQICLAfIECAAAECgYAAB+gmCRAgQICAAPsBAgQIECAQCAhwgG6SAAECBAgIsB8gQIAAAQKBgAAH6CYJECBAgIAA+wECBAgQIBAICHCAbpIAAQIECAiwHyBAgAABAoGAAAfoJgkQIECAgAD7AQIECBAgEAgIcIBukgABAgQICLAfIECAAAECgYAAB+gmCRAgQICAAPsBAgQIECAQCAhwgG6SAAECBAgIsB8gQIAAAQKBgAAH6CYJECBAgIAA+wECBAgQIBAICHCAbpIAAQIECAiwHyBAgAABAoGAAAfoJgkQIECAgAD7AQIECBAgEAgIcIBukgABAgQICLAfIECAAAECgYAAB+gmCRAgQICAAPsBAgQIECAQCAhwgG6SAAECBAgIsB8gQIAAAQKBgAAH6CYJECBAgIAA+wECBAgQIBAICHCAbpIAAQIECAiwHyBAgAABAoGAAAfoJgkQIECAgAD7AQIECBAgEAgIcIBukgABAgQICLAfIECAAAECgYAAB+gmCRAgQICAAPsBAgQIECAQCAhwgG6SAAECBAgIsB8gQIAAAQKBgAAH6CYJECBAgIAA+wECBAgQIBAICHCAbpIAAQIECAiwHyBAgAABAoGAAAfoJgkQIECAgAD7AQIECBAgEAgIcIBukgABAgQICLAfIECAAAECgYAAB+gmCRAgQICAAPsBAgQIECAQCAhwgG6SAAECBAgIsB8gQIAAAQKBgAAH6CYJECBAgIAA+wECBAgQIBAICHCAbpIAAQIECAiwHyBAgAABAoGAAAfoJgkQIECAgAD7AQIECBAgEAgIcIBukgABAgQICLAfIECAAAECgYAAB+gmCRAgQICAAPsBAgQIECAQCAhwgG6SAAECBAgIsB8gQIAAAQKBgAAH6CYJECBAgIAA+wECBAgQIBAICHCAbpIAAQIECAiwHyBAgAABAoGAAAfoJgkQIECAgAD7AQIECBAgEAgIcIBukgABAgQICLAfIECAAAECgYAAB+gmCRAgQICAAPsBAgQIECAQCAhwgG6SAAECBAgIsB8gQIAAAQKBgAAH6CYJECBAgIAA+wECBAgQIBAICHCAbpIAAQIECAiwHyBAgAABAoGAAAfoJgkQIECAgAD7AQIECBAgEAgIcIBukgABAgQICLAfIECAAAECgYAAB+gmCRAgQICAAPsBAgQIECAQCAhwgG6SAAECBAgIsB8gQIAAAQKBgAAH6CYJECBAgIAA+wECBAgQIBAICHCAbpIAAQIECAiwHyBAgAABAoGAAAfoJgkQIECAgAD7AQIECBAgEAgIcIBukgABAgQICLAfIECAAAECgYAAB+gmCRAgQICAAPsBAgQIECAQCAhwgG6SAAECBAgIsB8gQIAAAQKBgAAH6CYJECBAgIAA+wECBAgQIBAICHCAbpIAAQIECAiwHyBAgAABAoGAAAfoJgkQIECAgAD7AQIECBAgEAgIcIBukgABAgQICLAfIECAAAECgYAAB+gmCRAgQICAAPsBAgQIECAQCAhwgG6SAAECBAgIsB8gQIAAAQKBgAAH6CYJECBAgIAA+wECBAgQIBAICHCAbpIAAQIECAiwHyBAgAABAoGAAAfoJgkQIECAgAD7AQIECBAgEAgIcIBukgABAgQICLAfIECAAAECgYAAB+gmCRAgQICAAPsBAgQIECAQCAhwgG6SAAECBAgIsB8gQIAAAQKBgAAH6CYJECBAgIAA+wECBAgQIBAICHCAbpIAAQIECAiwHyBAgAABAoGAAAfoJgkQIECAgAD7AQIECBAgEAgIcIBukgABAgQICLAfIECAAAECgYAAB+gmCRAgQICAAPsBAgQIECAQCAhwgG6SAAECBAgIsB8gQIAAAQKBgAAH6CYJECBAgIAA+wECBAgQIBAICHCAbpIAAQIECAiwHyBAgAABAoGAAAfoJgkQIECAgAD7AQIECBAgEAgIcIBukgABAgQICLAfIECAAAECgYAAB+gmCRAgQICAAPsBAgQIECAQCAhwgG6SAAECBAgIsB8gQIAAAQKBgAAH6CYJECBAgIAA+wECBAgQIBAICHCAbpIAAQIECAiwHyBAgAABAoGAAAfoJgkQIECAgAD7AQIECBAgEAgIcIBukgABAgQICLAfIECAAAECgYAAB+gmCRAgQICAAPsBAgQIECAQCAhwgG6SAAECBAgIsB8gQIAAAQKBgAAH6CYJECBAgIAA+wECBAgQIBAICHCAbpIAAQIECAiwHyBAgAABAoGAAAfoJgkQIECAgAD7AQIECBAgEAgIcIBukgABAgQICLAfIECAAAECgYAAB+gmCRAgQICAAPsBAgQIECAQCAhwgG6SAAECBAgIsB8gQIAAAQKBgAAH6CYJECBAgIAA+wECBAgQIBAICHCAbpIAAQIECAiwHyBAgAABAoGAAAfoJgkQIECAgAD7AQIECBAgEAgIcIBukgABAgQICLAfIECAAAECgYAAB+gmCRAgQICAAPsBAgQIECAQCAhwgG6SAAECBAgIsB8gQIAAAQKBgAAH6CYJECBAgIAA+wECBAgQIBAICHCAbpIAAQIECAiwHyBAgAABAoGAAAfoJgkQIECAgAD7AQIECBAgEAgIcIBukgABAgQICLAfIECAAAECgYAAB+gmCRAgQICAAPsBAgQIECAQCAhwgG6SAAECBAgIsB8gQIAAAQKBgAAH6CYJECBAgIAA+wECBAgQIBAICHCAbpIAAQIECByxcQFpoRMBzwAAAABJRU5ErkJggg==</pentrails><costumes><list id=\"2\"></list></costumes><sounds><list id=\"3\"></list></sounds><variables></variables><blocks></blocks><scripts></scripts><sprites><sprite name=\"Sprite\" idx=\"1\" x=\"0\" y=\"0\" heading=\"90\" scale=\"1\" rotation=\"1\" draggable=\"true\" costume=\"0\" color=\"80,80,80\" pen=\"tip\" id=\"8\"><costumes><list id=\"9\"></list></costumes><sounds><list id=\"10\"></list></sounds><blocks></blocks><variables></variables><scripts><script x=\"52\" y=\"126\"><block s=\"forward\"><l>10</l></block></script></scripts></sprite></sprites></stage><hidden></hidden><headers></headers><code></code><blocks></blocks><variables></variables></project>', 8, 11, 0),
(9, '<project name=\"Untitled\" app=\"Snap! 4.2, http://snap.berkeley.edu\" version=\"1\"><notes></notes><thumbnail>data:image/png;base64,iVBORw0KGgoAAAANSUhEUgAAAKAAAAB4CAYAAAB1ovlvAAAAAXNSR0IArs4c6QAAArZJREFUeF7t1zFqKlEAhtEbRbDKErIfNyBoIRKX4nZchPsRGxsJBH0k3SsSHq/wAzlTD/zMdw8zzMv9fr8PlwJRgRcAo/JmvwsACEJaAMA0v3EAGUgLAJjmNw4gA2kBANP8xgFkIC0AYJrfOIAMpAUATPMbB5CBtACAaX7jADKQFgAwzW8cQAbSAgCm+Y0DyEBaAMA0v3EAGUgLAJjmNw4gA2kBANP8xgFkIC0AYJrfOIAMpAUATPMbB5CBtACAaX7jADKQFgAwzW8cQAbSAgCm+Y0DyEBaAMA0v3EAGUgLAJjmNw4gA2kBANP8xgFkIC0AYJrfOIAMpAUATPMbB5CBtACAaX7jADKQFgAwzW8cQAbSAgCm+Y0DyEBaAMA0v3EAGUgLAJjmNw4gA2kBANP8xgFkIC0A4A/5D4fDOJ/PY7FYjLe3t/SQnnkcwB9O93K5jN1uNz4/P8fpdBqr1WpMp9Ox3W7HfD5/ZhMPfTYAf8l9PB7Hfr8fr6+vf911vV6/Id5ut7Ferx96YM82BuB/APz4+BibzWZMJpOxXC6fzcRDnwfAf/wEf73pvj7B7+/vYzabPfSQnnkMQD8hqW8A0/zGAWQgLQBgmt84gAykBQBM8xsHkIG0AIBpfuMAMpAWADDNbxxABtICAKb5jQPIQFoAwDS/cQAZSAsAmOY3DiADaQEA0/zGAWQgLQBgmt84gAykBQBM8xsHkIG0AIBpfuMAMpAWADDNbxxABtICAKb5jQPIQFoAwDS/cQAZSAsAmOY3DiADaQEA0/zGAWQgLQBgmt84gAykBQBM8xsHkIG0AIBpfuMAMpAWADDNbxxABtICAKb5jQPIQFoAwDS/cQAZSAsAmOY3DiADaQEA0/zGAWQgLQBgmt84gAykBQBM8xsHkIG0AIBpfuMAMpAWADDNb/wPTZAXt/+w3A4AAAAASUVORK5CYII=</thumbnail><stage name=\"Stage\" width=\"480\" height=\"360\" costume=\"0\" tempo=\"60\" threadsafe=\"false\" lines=\"round\" ternary=\"false\" codify=\"false\" inheritance=\"true\" sublistIDs=\"false\" scheduled=\"false\" id=\"1\"><pentrails>data:image/png;base64,iVBORw0KGgoAAAANSUhEUgAAAeAAAAFoCAYAAACPNyggAAAAAXNSR0IArs4c6QAADoVJREFUeF7t1cEJAAAIxDDdf2m3sJ+4wEEQuuMIECBAgACBd4F9XzRIgAABAgQIjAB7AgIECBAgEAgIcIBukgABAgQICLAfIECAAAECgYAAB+gmCRAgQICAAPsBAgQIECAQCAhwgG6SAAECBAgIsB8gQIAAAQKBgAAH6CYJECBAgIAA+wECBAgQIBAICHCAbpIAAQIECAiwHyBAgAABAoGAAAfoJgkQIECAgAD7AQIECBAgEAgIcIBukgABAgQICLAfIECAAAECgYAAB+gmCRAgQICAAPsBAgQIECAQCAhwgG6SAAECBAgIsB8gQIAAAQKBgAAH6CYJECBAgIAA+wECBAgQIBAICHCAbpIAAQIECAiwHyBAgAABAoGAAAfoJgkQIECAgAD7AQIECBAgEAgIcIBukgABAgQICLAfIECAAAECgYAAB+gmCRAgQICAAPsBAgQIECAQCAhwgG6SAAECBAgIsB8gQIAAAQKBgAAH6CYJECBAgIAA+wECBAgQIBAICHCAbpIAAQIECAiwHyBAgAABAoGAAAfoJgkQIECAgAD7AQIECBAgEAgIcIBukgABAgQICLAfIECAAAECgYAAB+gmCRAgQICAAPsBAgQIECAQCAhwgG6SAAECBAgIsB8gQIAAAQKBgAAH6CYJECBAgIAA+wECBAgQIBAICHCAbpIAAQIECAiwHyBAgAABAoGAAAfoJgkQIECAgAD7AQIECBAgEAgIcIBukgABAgQICLAfIECAAAECgYAAB+gmCRAgQICAAPsBAgQIECAQCAhwgG6SAAECBAgIsB8gQIAAAQKBgAAH6CYJECBAgIAA+wECBAgQIBAICHCAbpIAAQIECAiwHyBAgAABAoGAAAfoJgkQIECAgAD7AQIECBAgEAgIcIBukgABAgQICLAfIECAAAECgYAAB+gmCRAgQICAAPsBAgQIECAQCAhwgG6SAAECBAgIsB8gQIAAAQKBgAAH6CYJECBAgIAA+wECBAgQIBAICHCAbpIAAQIECAiwHyBAgAABAoGAAAfoJgkQIECAgAD7AQIECBAgEAgIcIBukgABAgQICLAfIECAAAECgYAAB+gmCRAgQICAAPsBAgQIECAQCAhwgG6SAAECBAgIsB8gQIAAAQKBgAAH6CYJECBAgIAA+wECBAgQIBAICHCAbpIAAQIECAiwHyBAgAABAoGAAAfoJgkQIECAgAD7AQIECBAgEAgIcIBukgABAgQICLAfIECAAAECgYAAB+gmCRAgQICAAPsBAgQIECAQCAhwgG6SAAECBAgIsB8gQIAAAQKBgAAH6CYJECBAgIAA+wECBAgQIBAICHCAbpIAAQIECAiwHyBAgAABAoGAAAfoJgkQIECAgAD7AQIECBAgEAgIcIBukgABAgQICLAfIECAAAECgYAAB+gmCRAgQICAAPsBAgQIECAQCAhwgG6SAAECBAgIsB8gQIAAAQKBgAAH6CYJECBAgIAA+wECBAgQIBAICHCAbpIAAQIECAiwHyBAgAABAoGAAAfoJgkQIECAgAD7AQIECBAgEAgIcIBukgABAgQICLAfIECAAAECgYAAB+gmCRAgQICAAPsBAgQIECAQCAhwgG6SAAECBAgIsB8gQIAAAQKBgAAH6CYJECBAgIAA+wECBAgQIBAICHCAbpIAAQIECAiwHyBAgAABAoGAAAfoJgkQIECAgAD7AQIECBAgEAgIcIBukgABAgQICLAfIECAAAECgYAAB+gmCRAgQICAAPsBAgQIECAQCAhwgG6SAAECBAgIsB8gQIAAAQKBgAAH6CYJECBAgIAA+wECBAgQIBAICHCAbpIAAQIECAiwHyBAgAABAoGAAAfoJgkQIECAgAD7AQIECBAgEAgIcIBukgABAgQICLAfIECAAAECgYAAB+gmCRAgQICAAPsBAgQIECAQCAhwgG6SAAECBAgIsB8gQIAAAQKBgAAH6CYJECBAgIAA+wECBAgQIBAICHCAbpIAAQIECAiwHyBAgAABAoGAAAfoJgkQIECAgAD7AQIECBAgEAgIcIBukgABAgQICLAfIECAAAECgYAAB+gmCRAgQICAAPsBAgQIECAQCAhwgG6SAAECBAgIsB8gQIAAAQKBgAAH6CYJECBAgIAA+wECBAgQIBAICHCAbpIAAQIECAiwHyBAgAABAoGAAAfoJgkQIECAgAD7AQIECBAgEAgIcIBukgABAgQICLAfIECAAAECgYAAB+gmCRAgQICAAPsBAgQIECAQCAhwgG6SAAECBAgIsB8gQIAAAQKBgAAH6CYJECBAgIAA+wECBAgQIBAICHCAbpIAAQIECAiwHyBAgAABAoGAAAfoJgkQIECAgAD7AQIECBAgEAgIcIBukgABAgQICLAfIECAAAECgYAAB+gmCRAgQICAAPsBAgQIECAQCAhwgG6SAAECBAgIsB8gQIAAAQKBgAAH6CYJECBAgIAA+wECBAgQIBAICHCAbpIAAQIECAiwHyBAgAABAoGAAAfoJgkQIECAgAD7AQIECBAgEAgIcIBukgABAgQICLAfIECAAAECgYAAB+gmCRAgQICAAPsBAgQIECAQCAhwgG6SAAECBAgIsB8gQIAAAQKBgAAH6CYJECBAgIAA+wECBAgQIBAICHCAbpIAAQIECAiwHyBAgAABAoGAAAfoJgkQIECAgAD7AQIECBAgEAgIcIBukgABAgQICLAfIECAAAECgYAAB+gmCRAgQICAAPsBAgQIECAQCAhwgG6SAAECBAgIsB8gQIAAAQKBgAAH6CYJECBAgIAA+wECBAgQIBAICHCAbpIAAQIECAiwHyBAgAABAoGAAAfoJgkQIECAgAD7AQIECBAgEAgIcIBukgABAgQICLAfIECAAAECgYAAB+gmCRAgQICAAPsBAgQIECAQCAhwgG6SAAECBAgIsB8gQIAAAQKBgAAH6CYJECBAgIAA+wECBAgQIBAICHCAbpIAAQIECAiwHyBAgAABAoGAAAfoJgkQIECAgAD7AQIECBAgEAgIcIBukgABAgQICLAfIECAAAECgYAAB+gmCRAgQICAAPsBAgQIECAQCAhwgG6SAAECBAgIsB8gQIAAAQKBgAAH6CYJECBAgIAA+wECBAgQIBAICHCAbpIAAQIECAiwHyBAgAABAoGAAAfoJgkQIECAgAD7AQIECBAgEAgIcIBukgABAgQICLAfIECAAAECgYAAB+gmCRAgQICAAPsBAgQIECAQCAhwgG6SAAECBAgIsB8gQIAAAQKBgAAH6CYJECBAgIAA+wECBAgQIBAICHCAbpIAAQIECAiwHyBAgAABAoGAAAfoJgkQIECAgAD7AQIECBAgEAgIcIBukgABAgQICLAfIECAAAECgYAAB+gmCRAgQICAAPsBAgQIECAQCAhwgG6SAAECBAgIsB8gQIAAAQKBgAAH6CYJECBAgIAA+wECBAgQIBAICHCAbpIAAQIECAiwHyBAgAABAoGAAAfoJgkQIECAgAD7AQIECBAgEAgIcIBukgABAgQICLAfIECAAAECgYAAB+gmCRAgQICAAPsBAgQIECAQCAhwgG6SAAECBAgIsB8gQIAAAQKBgAAH6CYJECBAgIAA+wECBAgQIBAICHCAbpIAAQIECAiwHyBAgAABAoGAAAfoJgkQIECAgAD7AQIECBAgEAgIcIBukgABAgQICLAfIECAAAECgYAAB+gmCRAgQICAAPsBAgQIECAQCAhwgG6SAAECBAgIsB8gQIAAAQKBgAAH6CYJECBAgIAA+wECBAgQIBAICHCAbpIAAQIECAiwHyBAgAABAoGAAAfoJgkQIECAgAD7AQIECBAgEAgIcIBukgABAgQICLAfIECAAAECgYAAB+gmCRAgQICAAPsBAgQIECAQCAhwgG6SAAECBAgIsB8gQIAAAQKBgAAH6CYJECBAgIAA+wECBAgQIBAICHCAbpIAAQIECAiwHyBAgAABAoGAAAfoJgkQIECAgAD7AQIECBAgEAgIcIBukgABAgQICLAfIECAAAECgYAAB+gmCRAgQICAAPsBAgQIECAQCAhwgG6SAAECBAgIsB8gQIAAAQKBgAAH6CYJECBAgIAA+wECBAgQIBAICHCAbpIAAQIECAiwHyBAgAABAoGAAAfoJgkQIECAgAD7AQIECBAgEAgIcIBukgABAgQICLAfIECAAAECgYAAB+gmCRAgQICAAPsBAgQIECAQCAhwgG6SAAECBAgIsB8gQIAAAQKBgAAH6CYJECBAgIAA+wECBAgQIBAICHCAbpIAAQIECAiwHyBAgAABAoGAAAfoJgkQIECAgAD7AQIECBAgEAgIcIBukgABAgQICLAfIECAAAECgYAAB+gmCRAgQICAAPsBAgQIECAQCAhwgG6SAAECBAgIsB8gQIAAAQKBgAAH6CYJECBAgIAA+wECBAgQIBAICHCAbpIAAQIECAiwHyBAgAABAoGAAAfoJgkQIECAgAD7AQIECBAgEAgIcIBukgABAgQICLAfIECAAAECgYAAB+gmCRAgQICAAPsBAgQIECAQCAhwgG6SAAECBAgIsB8gQIAAAQKBgAAH6CYJECBAgIAA+wECBAgQIBAICHCAbpIAAQIECAiwHyBAgAABAoGAAAfoJgkQIECAgAD7AQIECBAgEAgIcIBukgABAgQICLAfIECAAAECgYAAB+gmCRAgQICAAPsBAgQIECAQCAhwgG6SAAECBAgIsB8gQIAAAQKBgAAH6CYJECBAgIAA+wECBAgQIBAICHCAbpIAAQIECAiwHyBAgAABAoGAAAfoJgkQIECAgAD7AQIECBAgEAgIcIBukgABAgQICLAfIECAAAECgYAAB+gmCRAgQICAAPsBAgQIECAQCAhwgG6SAAECBAgIsB8gQIAAAQKBgAAH6CYJECBAgIAA+wECBAgQIBAICHCAbpIAAQIECByxcQFpoRMBzwAAAABJRU5ErkJggg==</pentrails><costumes><list id=\"2\"></list></costumes><sounds><list id=\"3\"></list></sounds><variables></variables><blocks></blocks><scripts></scripts><sprites><sprite name=\"Sprite\" idx=\"1\" x=\"0\" y=\"0\" heading=\"90\" scale=\"1\" rotation=\"1\" draggable=\"true\" costume=\"0\" color=\"80,80,80\" pen=\"tip\" id=\"8\"><costumes><list id=\"9\"></list></costumes><sounds><list id=\"10\"></list></sounds><blocks></blocks><variables></variables><scripts><script x=\"52\" y=\"91\"><block s=\"receiveGo\"></block><block s=\"forward\"><l>10</l></block></script><script x=\"21\" y=\"179\"><block s=\"setHeading\"><l>90</l></block></script></scripts></sprite></sprites></stage><hidden></hidden><headers></headers><code></code><blocks></blocks><variables></variables></project>', 8, 14, 0),
(10, '<project name=\"Untitled\" app=\"Snap! 4.2, http://snap.berkeley.edu\" version=\"1\"><notes></notes><thumbnail>data:image/png;base64,iVBORw0KGgoAAAANSUhEUgAAAKAAAAB4CAYAAAB1ovlvAAAAAXNSR0IArs4c6QAAArZJREFUeF7t1zFqKlEAhtEbRbDKErIfNyBoIRKX4nZchPsRGxsJBH0k3SsSHq/wAzlTD/zMdw8zzMv9fr8PlwJRgRcAo/JmvwsACEJaAMA0v3EAGUgLAJjmNw4gA2kBANP8xgFkIC0AYJrfOIAMpAUATPMbB5CBtACAaX7jADKQFgAwzW8cQAbSAgCm+Y0DyEBaAMA0v3EAGUgLAJjmNw4gA2kBANP8xgFkIC0AYJrfOIAMpAUATPMbB5CBtACAaX7jADKQFgAwzW8cQAbSAgCm+Y0DyEBaAMA0v3EAGUgLAJjmNw4gA2kBANP8xgFkIC0AYJrfOIAMpAUATPMbB5CBtACAaX7jADKQFgAwzW8cQAbSAgCm+Y0DyEBaAMA0v3EAGUgLAJjmNw4gA2kBANP8xgFkIC0A4A/5D4fDOJ/PY7FYjLe3t/SQnnkcwB9O93K5jN1uNz4/P8fpdBqr1WpMp9Ox3W7HfD5/ZhMPfTYAf8l9PB7Hfr8fr6+vf911vV6/Id5ut7Ferx96YM82BuB/APz4+BibzWZMJpOxXC6fzcRDnwfAf/wEf73pvj7B7+/vYzabPfSQnnkMQD8hqW8A0/zGAWQgLQBgmt84gAykBQBM8xsHkIG0AIBpfuMAMpAWADDNbxxABtICAKb5jQPIQFoAwDS/cQAZSAsAmOY3DiADaQEA0/zGAWQgLQBgmt84gAykBQBM8xsHkIG0AIBpfuMAMpAWADDNbxxABtICAKb5jQPIQFoAwDS/cQAZSAsAmOY3DiADaQEA0/zGAWQgLQBgmt84gAykBQBM8xsHkIG0AIBpfuMAMpAWADDNbxxABtICAKb5jQPIQFoAwDS/cQAZSAsAmOY3DiADaQEA0/zGAWQgLQBgmt84gAykBQBM8xsHkIG0AIBpfuMAMpAWADDNb/wPTZAXt/+w3A4AAAAASUVORK5CYII=</thumbnail><stage name=\"Stage\" width=\"480\" height=\"360\" costume=\"0\" tempo=\"60\" threadsafe=\"false\" lines=\"round\" ternary=\"false\" codify=\"false\" inheritance=\"true\" sublistIDs=\"false\" scheduled=\"false\" id=\"1\"><pentrails>data:image/png;base64,iVBORw0KGgoAAAANSUhEUgAAAeAAAAFoCAYAAACPNyggAAAAAXNSR0IArs4c6QAADoVJREFUeF7t1cEJAAAIxDDdf2m3sJ+4wEEQuuMIECBAgACBd4F9XzRIgAABAgQIjAB7AgIECBAgEAgIcIBukgABAgQICLAfIECAAAECgYAAB+gmCRAgQICAAPsBAgQIECAQCAhwgG6SAAECBAgIsB8gQIAAAQKBgAAH6CYJECBAgIAA+wECBAgQIBAICHCAbpIAAQIECAiwHyBAgAABAoGAAAfoJgkQIECAgAD7AQIECBAgEAgIcIBukgABAgQICLAfIECAAAECgYAAB+gmCRAgQICAAPsBAgQIECAQCAhwgG6SAAECBAgIsB8gQIAAAQKBgAAH6CYJECBAgIAA+wECBAgQIBAICHCAbpIAAQIECAiwHyBAgAABAoGAAAfoJgkQIECAgAD7AQIECBAgEAgIcIBukgABAgQICLAfIECAAAECgYAAB+gmCRAgQICAAPsBAgQIECAQCAhwgG6SAAECBAgIsB8gQIAAAQKBgAAH6CYJECBAgIAA+wECBAgQIBAICHCAbpIAAQIECAiwHyBAgAABAoGAAAfoJgkQIECAgAD7AQIECBAgEAgIcIBukgABAgQICLAfIECAAAECgYAAB+gmCRAgQICAAPsBAgQIECAQCAhwgG6SAAECBAgIsB8gQIAAAQKBgAAH6CYJECBAgIAA+wECBAgQIBAICHCAbpIAAQIECAiwHyBAgAABAoGAAAfoJgkQIECAgAD7AQIECBAgEAgIcIBukgABAgQICLAfIECAAAECgYAAB+gmCRAgQICAAPsBAgQIECAQCAhwgG6SAAECBAgIsB8gQIAAAQKBgAAH6CYJECBAgIAA+wECBAgQIBAICHCAbpIAAQIECAiwHyBAgAABAoGAAAfoJgkQIECAgAD7AQIECBAgEAgIcIBukgABAgQICLAfIECAAAECgYAAB+gmCRAgQICAAPsBAgQIECAQCAhwgG6SAAECBAgIsB8gQIAAAQKBgAAH6CYJECBAgIAA+wECBAgQIBAICHCAbpIAAQIECAiwHyBAgAABAoGAAAfoJgkQIECAgAD7AQIECBAgEAgIcIBukgABAgQICLAfIECAAAECgYAAB+gmCRAgQICAAPsBAgQIECAQCAhwgG6SAAECBAgIsB8gQIAAAQKBgAAH6CYJECBAgIAA+wECBAgQIBAICHCAbpIAAQIECAiwHyBAgAABAoGAAAfoJgkQIECAgAD7AQIECBAgEAgIcIBukgABAgQICLAfIECAAAECgYAAB+gmCRAgQICAAPsBAgQIECAQCAhwgG6SAAECBAgIsB8gQIAAAQKBgAAH6CYJECBAgIAA+wECBAgQIBAICHCAbpIAAQIECAiwHyBAgAABAoGAAAfoJgkQIECAgAD7AQIECBAgEAgIcIBukgABAgQICLAfIECAAAECgYAAB+gmCRAgQICAAPsBAgQIECAQCAhwgG6SAAECBAgIsB8gQIAAAQKBgAAH6CYJECBAgIAA+wECBAgQIBAICHCAbpIAAQIECAiwHyBAgAABAoGAAAfoJgkQIECAgAD7AQIECBAgEAgIcIBukgABAgQICLAfIECAAAECgYAAB+gmCRAgQICAAPsBAgQIECAQCAhwgG6SAAECBAgIsB8gQIAAAQKBgAAH6CYJECBAgIAA+wECBAgQIBAICHCAbpIAAQIECAiwHyBAgAABAoGAAAfoJgkQIECAgAD7AQIECBAgEAgIcIBukgABAgQICLAfIECAAAECgYAAB+gmCRAgQICAAPsBAgQIECAQCAhwgG6SAAECBAgIsB8gQIAAAQKBgAAH6CYJECBAgIAA+wECBAgQIBAICHCAbpIAAQIECAiwHyBAgAABAoGAAAfoJgkQIECAgAD7AQIECBAgEAgIcIBukgABAgQICLAfIECAAAECgYAAB+gmCRAgQICAAPsBAgQIECAQCAhwgG6SAAECBAgIsB8gQIAAAQKBgAAH6CYJECBAgIAA+wECBAgQIBAICHCAbpIAAQIECAiwHyBAgAABAoGAAAfoJgkQIECAgAD7AQIECBAgEAgIcIBukgABAgQICLAfIECAAAECgYAAB+gmCRAgQICAAPsBAgQIECAQCAhwgG6SAAECBAgIsB8gQIAAAQKBgAAH6CYJECBAgIAA+wECBAgQIBAICHCAbpIAAQIECAiwHyBAgAABAoGAAAfoJgkQIECAgAD7AQIECBAgEAgIcIBukgABAgQICLAfIECAAAECgYAAB+gmCRAgQICAAPsBAgQIECAQCAhwgG6SAAECBAgIsB8gQIAAAQKBgAAH6CYJECBAgIAA+wECBAgQIBAICHCAbpIAAQIECAiwHyBAgAABAoGAAAfoJgkQIECAgAD7AQIECBAgEAgIcIBukgABAgQICLAfIECAAAECgYAAB+gmCRAgQICAAPsBAgQIECAQCAhwgG6SAAECBAgIsB8gQIAAAQKBgAAH6CYJECBAgIAA+wECBAgQIBAICHCAbpIAAQIECAiwHyBAgAABAoGAAAfoJgkQIECAgAD7AQIECBAgEAgIcIBukgABAgQICLAfIECAAAECgYAAB+gmCRAgQICAAPsBAgQIECAQCAhwgG6SAAECBAgIsB8gQIAAAQKBgAAH6CYJECBAgIAA+wECBAgQIBAICHCAbpIAAQIECAiwHyBAgAABAoGAAAfoJgkQIECAgAD7AQIECBAgEAgIcIBukgABAgQICLAfIECAAAECgYAAB+gmCRAgQICAAPsBAgQIECAQCAhwgG6SAAECBAgIsB8gQIAAAQKBgAAH6CYJECBAgIAA+wECBAgQIBAICHCAbpIAAQIECAiwHyBAgAABAoGAAAfoJgkQIECAgAD7AQIECBAgEAgIcIBukgABAgQICLAfIECAAAECgYAAB+gmCRAgQICAAPsBAgQIECAQCAhwgG6SAAECBAgIsB8gQIAAAQKBgAAH6CYJECBAgIAA+wECBAgQIBAICHCAbpIAAQIECAiwHyBAgAABAoGAAAfoJgkQIECAgAD7AQIECBAgEAgIcIBukgABAgQICLAfIECAAAECgYAAB+gmCRAgQICAAPsBAgQIECAQCAhwgG6SAAECBAgIsB8gQIAAAQKBgAAH6CYJECBAgIAA+wECBAgQIBAICHCAbpIAAQIECAiwHyBAgAABAoGAAAfoJgkQIECAgAD7AQIECBAgEAgIcIBukgABAgQICLAfIECAAAECgYAAB+gmCRAgQICAAPsBAgQIECAQCAhwgG6SAAECBAgIsB8gQIAAAQKBgAAH6CYJECBAgIAA+wECBAgQIBAICHCAbpIAAQIECAiwHyBAgAABAoGAAAfoJgkQIECAgAD7AQIECBAgEAgIcIBukgABAgQICLAfIECAAAECgYAAB+gmCRAgQICAAPsBAgQIECAQCAhwgG6SAAECBAgIsB8gQIAAAQKBgAAH6CYJECBAgIAA+wECBAgQIBAICHCAbpIAAQIECAiwHyBAgAABAoGAAAfoJgkQIECAgAD7AQIECBAgEAgIcIBukgABAgQICLAfIECAAAECgYAAB+gmCRAgQICAAPsBAgQIECAQCAhwgG6SAAECBAgIsB8gQIAAAQKBgAAH6CYJECBAgIAA+wECBAgQIBAICHCAbpIAAQIECAiwHyBAgAABAoGAAAfoJgkQIECAgAD7AQIECBAgEAgIcIBukgABAgQICLAfIECAAAECgYAAB+gmCRAgQICAAPsBAgQIECAQCAhwgG6SAAECBAgIsB8gQIAAAQKBgAAH6CYJECBAgIAA+wECBAgQIBAICHCAbpIAAQIECAiwHyBAgAABAoGAAAfoJgkQIECAgAD7AQIECBAgEAgIcIBukgABAgQICLAfIECAAAECgYAAB+gmCRAgQICAAPsBAgQIECAQCAhwgG6SAAECBAgIsB8gQIAAAQKBgAAH6CYJECBAgIAA+wECBAgQIBAICHCAbpIAAQIECAiwHyBAgAABAoGAAAfoJgkQIECAgAD7AQIECBAgEAgIcIBukgABAgQICLAfIECAAAECgYAAB+gmCRAgQICAAPsBAgQIECAQCAhwgG6SAAECBAgIsB8gQIAAAQKBgAAH6CYJECBAgIAA+wECBAgQIBAICHCAbpIAAQIECAiwHyBAgAABAoGAAAfoJgkQIECAgAD7AQIECBAgEAgIcIBukgABAgQICLAfIECAAAECgYAAB+gmCRAgQICAAPsBAgQIECAQCAhwgG6SAAECBAgIsB8gQIAAAQKBgAAH6CYJECBAgIAA+wECBAgQIBAICHCAbpIAAQIECAiwHyBAgAABAoGAAAfoJgkQIECAgAD7AQIECBAgEAgIcIBukgABAgQICLAfIECAAAECgYAAB+gmCRAgQICAAPsBAgQIECAQCAhwgG6SAAECBAgIsB8gQIAAAQKBgAAH6CYJECBAgIAA+wECBAgQIBAICHCAbpIAAQIECAiwHyBAgAABAoGAAAfoJgkQIECAgAD7AQIECBAgEAgIcIBukgABAgQICLAfIECAAAECgYAAB+gmCRAgQICAAPsBAgQIECAQCAhwgG6SAAECBAgIsB8gQIAAAQKBgAAH6CYJECBAgIAA+wECBAgQIBAICHCAbpIAAQIECAiwHyBAgAABAoGAAAfoJgkQIECAgAD7AQIECBAgEAgIcIBukgABAgQICLAfIECAAAECgYAAB+gmCRAgQICAAPsBAgQIECAQCAhwgG6SAAECBAgIsB8gQIAAAQKBgAAH6CYJECBAgIAA+wECBAgQIBAICHCAbpIAAQIECAiwHyBAgAABAoGAAAfoJgkQIECAgAD7AQIECBAgEAgIcIBukgABAgQICLAfIECAAAECgYAAB+gmCRAgQICAAPsBAgQIECAQCAhwgG6SAAECBAgIsB8gQIAAAQKBgAAH6CYJECBAgIAA+wECBAgQIBAICHCAbpIAAQIECByxcQFpoRMBzwAAAABJRU5ErkJggg==</pentrails><costumes><list id=\"2\"></list></costumes><sounds><list id=\"3\"></list></sounds><variables></variables><blocks></blocks><scripts></scripts><sprites><sprite name=\"Sprite\" idx=\"1\" x=\"0\" y=\"0\" heading=\"90\" scale=\"1\" rotation=\"1\" draggable=\"true\" costume=\"0\" color=\"80,80,80\" pen=\"tip\" id=\"8\"><costumes><list id=\"9\"></list></costumes><sounds><list id=\"10\"></list></sounds><blocks></blocks><variables></variables><scripts></scripts></sprite></sprites></stage><hidden></hidden><headers></headers><code></code><blocks></blocks><variables></variables></project>', 11, 11, 0),
(11, '<project name=\"Untitled\" app=\"Snap! 4.2, http://snap.berkeley.edu\" version=\"1\"><notes></notes><thumbnail>data:image/png;base64,iVBORw0KGgoAAAANSUhEUgAAAKAAAAB4CAYAAAB1ovlvAAAAAXNSR0IArs4c6QAAArZJREFUeF7t1zFqKlEAhtEbRbDKErIfNyBoIRKX4nZchPsRGxsJBH0k3SsSHq/wAzlTD/zMdw8zzMv9fr8PlwJRgRcAo/JmvwsACEJaAMA0v3EAGUgLAJjmNw4gA2kBANP8xgFkIC0AYJrfOIAMpAUATPMbB5CBtACAaX7jADKQFgAwzW8cQAbSAgCm+Y0DyEBaAMA0v3EAGUgLAJjmNw4gA2kBANP8xgFkIC0AYJrfOIAMpAUATPMbB5CBtACAaX7jADKQFgAwzW8cQAbSAgCm+Y0DyEBaAMA0v3EAGUgLAJjmNw4gA2kBANP8xgFkIC0AYJrfOIAMpAUATPMbB5CBtACAaX7jADKQFgAwzW8cQAbSAgCm+Y0DyEBaAMA0v3EAGUgLAJjmNw4gA2kBANP8xgFkIC0A4A/5D4fDOJ/PY7FYjLe3t/SQnnkcwB9O93K5jN1uNz4/P8fpdBqr1WpMp9Ox3W7HfD5/ZhMPfTYAf8l9PB7Hfr8fr6+vf911vV6/Id5ut7Ferx96YM82BuB/APz4+BibzWZMJpOxXC6fzcRDnwfAf/wEf73pvj7B7+/vYzabPfSQnnkMQD8hqW8A0/zGAWQgLQBgmt84gAykBQBM8xsHkIG0AIBpfuMAMpAWADDNbxxABtICAKb5jQPIQFoAwDS/cQAZSAsAmOY3DiADaQEA0/zGAWQgLQBgmt84gAykBQBM8xsHkIG0AIBpfuMAMpAWADDNbxxABtICAKb5jQPIQFoAwDS/cQAZSAsAmOY3DiADaQEA0/zGAWQgLQBgmt84gAykBQBM8xsHkIG0AIBpfuMAMpAWADDNbxxABtICAKb5jQPIQFoAwDS/cQAZSAsAmOY3DiADaQEA0/zGAWQgLQBgmt84gAykBQBM8xsHkIG0AIBpfuMAMpAWADDNb/wPTZAXt/+w3A4AAAAASUVORK5CYII=</thumbnail><stage name=\"Stage\" width=\"480\" height=\"360\" costume=\"0\" tempo=\"60\" threadsafe=\"false\" lines=\"round\" ternary=\"false\" codify=\"false\" inheritance=\"true\" sublistIDs=\"false\" scheduled=\"false\" id=\"1\"><pentrails>data:image/png;base64,iVBORw0KGgoAAAANSUhEUgAAAeAAAAFoCAYAAACPNyggAAAAAXNSR0IArs4c6QAADoVJREFUeF7t1cEJAAAIxDDdf2m3sJ+4wEEQuuMIECBAgACBd4F9XzRIgAABAgQIjAB7AgIECBAgEAgIcIBukgABAgQICLAfIECAAAECgYAAB+gmCRAgQICAAPsBAgQIECAQCAhwgG6SAAECBAgIsB8gQIAAAQKBgAAH6CYJECBAgIAA+wECBAgQIBAICHCAbpIAAQIECAiwHyBAgAABAoGAAAfoJgkQIECAgAD7AQIECBAgEAgIcIBukgABAgQICLAfIECAAAECgYAAB+gmCRAgQICAAPsBAgQIECAQCAhwgG6SAAECBAgIsB8gQIAAAQKBgAAH6CYJECBAgIAA+wECBAgQIBAICHCAbpIAAQIECAiwHyBAgAABAoGAAAfoJgkQIECAgAD7AQIECBAgEAgIcIBukgABAgQICLAfIECAAAECgYAAB+gmCRAgQICAAPsBAgQIECAQCAhwgG6SAAECBAgIsB8gQIAAAQKBgAAH6CYJECBAgIAA+wECBAgQIBAICHCAbpIAAQIECAiwHyBAgAABAoGAAAfoJgkQIECAgAD7AQIECBAgEAgIcIBukgABAgQICLAfIECAAAECgYAAB+gmCRAgQICAAPsBAgQIECAQCAhwgG6SAAECBAgIsB8gQIAAAQKBgAAH6CYJECBAgIAA+wECBAgQIBAICHCAbpIAAQIECAiwHyBAgAABAoGAAAfoJgkQIECAgAD7AQIECBAgEAgIcIBukgABAgQICLAfIECAAAECgYAAB+gmCRAgQICAAPsBAgQIECAQCAhwgG6SAAECBAgIsB8gQIAAAQKBgAAH6CYJECBAgIAA+wECBAgQIBAICHCAbpIAAQIECAiwHyBAgAABAoGAAAfoJgkQIECAgAD7AQIECBAgEAgIcIBukgABAgQICLAfIECAAAECgYAAB+gmCRAgQICAAPsBAgQIECAQCAhwgG6SAAECBAgIsB8gQIAAAQKBgAAH6CYJECBAgIAA+wECBAgQIBAICHCAbpIAAQIECAiwHyBAgAABAoGAAAfoJgkQIECAgAD7AQIECBAgEAgIcIBukgABAgQICLAfIECAAAECgYAAB+gmCRAgQICAAPsBAgQIECAQCAhwgG6SAAECBAgIsB8gQIAAAQKBgAAH6CYJECBAgIAA+wECBAgQIBAICHCAbpIAAQIECAiwHyBAgAABAoGAAAfoJgkQIECAgAD7AQIECBAgEAgIcIBukgABAgQICLAfIECAAAECgYAAB+gmCRAgQICAAPsBAgQIECAQCAhwgG6SAAECBAgIsB8gQIAAAQKBgAAH6CYJECBAgIAA+wECBAgQIBAICHCAbpIAAQIECAiwHyBAgAABAoGAAAfoJgkQIECAgAD7AQIECBAgEAgIcIBukgABAgQICLAfIECAAAECgYAAB+gmCRAgQICAAPsBAgQIECAQCAhwgG6SAAECBAgIsB8gQIAAAQKBgAAH6CYJECBAgIAA+wECBAgQIBAICHCAbpIAAQIECAiwHyBAgAABAoGAAAfoJgkQIECAgAD7AQIECBAgEAgIcIBukgABAgQICLAfIECAAAECgYAAB+gmCRAgQICAAPsBAgQIECAQCAhwgG6SAAECBAgIsB8gQIAAAQKBgAAH6CYJECBAgIAA+wECBAgQIBAICHCAbpIAAQIECAiwHyBAgAABAoGAAAfoJgkQIECAgAD7AQIECBAgEAgIcIBukgABAgQICLAfIECAAAECgYAAB+gmCRAgQICAAPsBAgQIECAQCAhwgG6SAAECBAgIsB8gQIAAAQKBgAAH6CYJECBAgIAA+wECBAgQIBAICHCAbpIAAQIECAiwHyBAgAABAoGAAAfoJgkQIECAgAD7AQIECBAgEAgIcIBukgABAgQICLAfIECAAAECgYAAB+gmCRAgQICAAPsBAgQIECAQCAhwgG6SAAECBAgIsB8gQIAAAQKBgAAH6CYJECBAgIAA+wECBAgQIBAICHCAbpIAAQIECAiwHyBAgAABAoGAAAfoJgkQIECAgAD7AQIECBAgEAgIcIBukgABAgQICLAfIECAAAECgYAAB+gmCRAgQICAAPsBAgQIECAQCAhwgG6SAAECBAgIsB8gQIAAAQKBgAAH6CYJECBAgIAA+wECBAgQIBAICHCAbpIAAQIECAiwHyBAgAABAoGAAAfoJgkQIECAgAD7AQIECBAgEAgIcIBukgABAgQICLAfIECAAAECgYAAB+gmCRAgQICAAPsBAgQIECAQCAhwgG6SAAECBAgIsB8gQIAAAQKBgAAH6CYJECBAgIAA+wECBAgQIBAICHCAbpIAAQIECAiwHyBAgAABAoGAAAfoJgkQIECAgAD7AQIECBAgEAgIcIBukgABAgQICLAfIECAAAECgYAAB+gmCRAgQICAAPsBAgQIECAQCAhwgG6SAAECBAgIsB8gQIAAAQKBgAAH6CYJECBAgIAA+wECBAgQIBAICHCAbpIAAQIECAiwHyBAgAABAoGAAAfoJgkQIECAgAD7AQIECBAgEAgIcIBukgABAgQICLAfIECAAAECgYAAB+gmCRAgQICAAPsBAgQIECAQCAhwgG6SAAECBAgIsB8gQIAAAQKBgAAH6CYJECBAgIAA+wECBAgQIBAICHCAbpIAAQIECAiwHyBAgAABAoGAAAfoJgkQIECAgAD7AQIECBAgEAgIcIBukgABAgQICLAfIECAAAECgYAAB+gmCRAgQICAAPsBAgQIECAQCAhwgG6SAAECBAgIsB8gQIAAAQKBgAAH6CYJECBAgIAA+wECBAgQIBAICHCAbpIAAQIECAiwHyBAgAABAoGAAAfoJgkQIECAgAD7AQIECBAgEAgIcIBukgABAgQICLAfIECAAAECgYAAB+gmCRAgQICAAPsBAgQIECAQCAhwgG6SAAECBAgIsB8gQIAAAQKBgAAH6CYJECBAgIAA+wECBAgQIBAICHCAbpIAAQIECAiwHyBAgAABAoGAAAfoJgkQIECAgAD7AQIECBAgEAgIcIBukgABAgQICLAfIECAAAECgYAAB+gmCRAgQICAAPsBAgQIECAQCAhwgG6SAAECBAgIsB8gQIAAAQKBgAAH6CYJECBAgIAA+wECBAgQIBAICHCAbpIAAQIECAiwHyBAgAABAoGAAAfoJgkQIECAgAD7AQIECBAgEAgIcIBukgABAgQICLAfIECAAAECgYAAB+gmCRAgQICAAPsBAgQIECAQCAhwgG6SAAECBAgIsB8gQIAAAQKBgAAH6CYJECBAgIAA+wECBAgQIBAICHCAbpIAAQIECAiwHyBAgAABAoGAAAfoJgkQIECAgAD7AQIECBAgEAgIcIBukgABAgQICLAfIECAAAECgYAAB+gmCRAgQICAAPsBAgQIECAQCAhwgG6SAAECBAgIsB8gQIAAAQKBgAAH6CYJECBAgIAA+wECBAgQIBAICHCAbpIAAQIECAiwHyBAgAABAoGAAAfoJgkQIECAgAD7AQIECBAgEAgIcIBukgABAgQICLAfIECAAAECgYAAB+gmCRAgQICAAPsBAgQIECAQCAhwgG6SAAECBAgIsB8gQIAAAQKBgAAH6CYJECBAgIAA+wECBAgQIBAICHCAbpIAAQIECAiwHyBAgAABAoGAAAfoJgkQIECAgAD7AQIECBAgEAgIcIBukgABAgQICLAfIECAAAECgYAAB+gmCRAgQICAAPsBAgQIECAQCAhwgG6SAAECBAgIsB8gQIAAAQKBgAAH6CYJECBAgIAA+wECBAgQIBAICHCAbpIAAQIECAiwHyBAgAABAoGAAAfoJgkQIECAgAD7AQIECBAgEAgIcIBukgABAgQICLAfIECAAAECgYAAB+gmCRAgQICAAPsBAgQIECAQCAhwgG6SAAECBAgIsB8gQIAAAQKBgAAH6CYJECBAgIAA+wECBAgQIBAICHCAbpIAAQIECAiwHyBAgAABAoGAAAfoJgkQIECAgAD7AQIECBAgEAgIcIBukgABAgQICLAfIECAAAECgYAAB+gmCRAgQICAAPsBAgQIECAQCAhwgG6SAAECBAgIsB8gQIAAAQKBgAAH6CYJECBAgIAA+wECBAgQIBAICHCAbpIAAQIECAiwHyBAgAABAoGAAAfoJgkQIECAgAD7AQIECBAgEAgIcIBukgABAgQICLAfIECAAAECgYAAB+gmCRAgQICAAPsBAgQIECAQCAhwgG6SAAECBAgIsB8gQIAAAQKBgAAH6CYJECBAgIAA+wECBAgQIBAICHCAbpIAAQIECAiwHyBAgAABAoGAAAfoJgkQIECAgAD7AQIECBAgEAgIcIBukgABAgQICLAfIECAAAECgYAAB+gmCRAgQICAAPsBAgQIECAQCAhwgG6SAAECBAgIsB8gQIAAAQKBgAAH6CYJECBAgIAA+wECBAgQIBAICHCAbpIAAQIECAiwHyBAgAABAoGAAAfoJgkQIECAgAD7AQIECBAgEAgIcIBukgABAgQICLAfIECAAAECgYAAB+gmCRAgQICAAPsBAgQIECAQCAhwgG6SAAECBAgIsB8gQIAAAQKBgAAH6CYJECBAgIAA+wECBAgQIBAICHCAbpIAAQIECAiwHyBAgAABAoGAAAfoJgkQIECAgAD7AQIECBAgEAgIcIBukgABAgQICLAfIECAAAECgYAAB+gmCRAgQICAAPsBAgQIECAQCAhwgG6SAAECBAgIsB8gQIAAAQKBgAAH6CYJECBAgIAA+wECBAgQIBAICHCAbpIAAQIECAiwHyBAgAABAoGAAAfoJgkQIECAgAD7AQIECBAgEAgIcIBukgABAgQICLAfIECAAAECgYAAB+gmCRAgQICAAPsBAgQIECAQCAhwgG6SAAECBAgIsB8gQIAAAQKBgAAH6CYJECBAgIAA+wECBAgQIBAICHCAbpIAAQIECByxcQFpoRMBzwAAAABJRU5ErkJggg==</pentrails><costumes><list id=\"2\"></list></costumes><sounds><list id=\"3\"></list></sounds><variables></variables><blocks></blocks><scripts></scripts><sprites><sprite name=\"Sprite\" idx=\"1\" x=\"0\" y=\"0\" heading=\"90\" scale=\"1\" rotation=\"1\" draggable=\"true\" costume=\"0\" color=\"80,80,80\" pen=\"tip\" id=\"8\"><costumes><list id=\"9\"></list></costumes><sounds><list id=\"10\"></list></sounds><blocks></blocks><variables></variables><scripts></scripts></sprite></sprites></stage><hidden></hidden><headers></headers><code></code><blocks></blocks><variables></variables></project>', 11, 12, 0),
(12, '<project name=\"Untitled\" app=\"Snap! 4.2, http://snap.berkeley.edu\" version=\"1\"><notes></notes><thumbnail>data:image/png;base64,iVBORw0KGgoAAAANSUhEUgAAAKAAAAB4CAYAAAB1ovlvAAAAAXNSR0IArs4c6QAAArZJREFUeF7t1zFqKlEAhtEbRbDKErIfNyBoIRKX4nZchPsRGxsJBH0k3SsSHq/wAzlTD/zMdw8zzMv9fr8PlwJRgRcAo/JmvwsACEJaAMA0v3EAGUgLAJjmNw4gA2kBANP8xgFkIC0AYJrfOIAMpAUATPMbB5CBtACAaX7jADKQFgAwzW8cQAbSAgCm+Y0DyEBaAMA0v3EAGUgLAJjmNw4gA2kBANP8xgFkIC0AYJrfOIAMpAUATPMbB5CBtACAaX7jADKQFgAwzW8cQAbSAgCm+Y0DyEBaAMA0v3EAGUgLAJjmNw4gA2kBANP8xgFkIC0AYJrfOIAMpAUATPMbB5CBtACAaX7jADKQFgAwzW8cQAbSAgCm+Y0DyEBaAMA0v3EAGUgLAJjmNw4gA2kBANP8xgFkIC0A4A/5D4fDOJ/PY7FYjLe3t/SQnnkcwB9O93K5jN1uNz4/P8fpdBqr1WpMp9Ox3W7HfD5/ZhMPfTYAf8l9PB7Hfr8fr6+vf911vV6/Id5ut7Ferx96YM82BuB/APz4+BibzWZMJpOxXC6fzcRDnwfAf/wEf73pvj7B7+/vYzabPfSQnnkMQD8hqW8A0/zGAWQgLQBgmt84gAykBQBM8xsHkIG0AIBpfuMAMpAWADDNbxxABtICAKb5jQPIQFoAwDS/cQAZSAsAmOY3DiADaQEA0/zGAWQgLQBgmt84gAykBQBM8xsHkIG0AIBpfuMAMpAWADDNbxxABtICAKb5jQPIQFoAwDS/cQAZSAsAmOY3DiADaQEA0/zGAWQgLQBgmt84gAykBQBM8xsHkIG0AIBpfuMAMpAWADDNbxxABtICAKb5jQPIQFoAwDS/cQAZSAsAmOY3DiADaQEA0/zGAWQgLQBgmt84gAykBQBM8xsHkIG0AIBpfuMAMpAWADDNb/wPTZAXt/+w3A4AAAAASUVORK5CYII=</thumbnail><stage name=\"Stage\" width=\"480\" height=\"360\" costume=\"0\" tempo=\"60\" threadsafe=\"false\" lines=\"round\" ternary=\"false\" codify=\"false\" inheritance=\"true\" sublistIDs=\"false\" scheduled=\"false\" id=\"1\"><pentrails>data:image/png;base64,iVBORw0KGgoAAAANSUhEUgAAAeAAAAFoCAYAAACPNyggAAAAAXNSR0IArs4c6QAADoVJREFUeF7t1cEJAAAIxDDdf2m3sJ+4wEEQuuMIECBAgACBd4F9XzRIgAABAgQIjAB7AgIECBAgEAgIcIBukgABAgQICLAfIECAAAECgYAAB+gmCRAgQICAAPsBAgQIECAQCAhwgG6SAAECBAgIsB8gQIAAAQKBgAAH6CYJECBAgIAA+wECBAgQIBAICHCAbpIAAQIECAiwHyBAgAABAoGAAAfoJgkQIECAgAD7AQIECBAgEAgIcIBukgABAgQICLAfIECAAAECgYAAB+gmCRAgQICAAPsBAgQIECAQCAhwgG6SAAECBAgIsB8gQIAAAQKBgAAH6CYJECBAgIAA+wECBAgQIBAICHCAbpIAAQIECAiwHyBAgAABAoGAAAfoJgkQIECAgAD7AQIECBAgEAgIcIBukgABAgQICLAfIECAAAECgYAAB+gmCRAgQICAAPsBAgQIECAQCAhwgG6SAAECBAgIsB8gQIAAAQKBgAAH6CYJECBAgIAA+wECBAgQIBAICHCAbpIAAQIECAiwHyBAgAABAoGAAAfoJgkQIECAgAD7AQIECBAgEAgIcIBukgABAgQICLAfIECAAAECgYAAB+gmCRAgQICAAPsBAgQIECAQCAhwgG6SAAECBAgIsB8gQIAAAQKBgAAH6CYJECBAgIAA+wECBAgQIBAICHCAbpIAAQIECAiwHyBAgAABAoGAAAfoJgkQIECAgAD7AQIECBAgEAgIcIBukgABAgQICLAfIECAAAECgYAAB+gmCRAgQICAAPsBAgQIECAQCAhwgG6SAAECBAgIsB8gQIAAAQKBgAAH6CYJECBAgIAA+wECBAgQIBAICHCAbpIAAQIECAiwHyBAgAABAoGAAAfoJgkQIECAgAD7AQIECBAgEAgIcIBukgABAgQICLAfIECAAAECgYAAB+gmCRAgQICAAPsBAgQIECAQCAhwgG6SAAECBAgIsB8gQIAAAQKBgAAH6CYJECBAgIAA+wECBAgQIBAICHCAbpIAAQIECAiwHyBAgAABAoGAAAfoJgkQIECAgAD7AQIECBAgEAgIcIBukgABAgQICLAfIECAAAECgYAAB+gmCRAgQICAAPsBAgQIECAQCAhwgG6SAAECBAgIsB8gQIAAAQKBgAAH6CYJECBAgIAA+wECBAgQIBAICHCAbpIAAQIECAiwHyBAgAABAoGAAAfoJgkQIECAgAD7AQIECBAgEAgIcIBukgABAgQICLAfIECAAAECgYAAB+gmCRAgQICAAPsBAgQIECAQCAhwgG6SAAECBAgIsB8gQIAAAQKBgAAH6CYJECBAgIAA+wECBAgQIBAICHCAbpIAAQIECAiwHyBAgAABAoGAAAfoJgkQIECAgAD7AQIECBAgEAgIcIBukgABAgQICLAfIECAAAECgYAAB+gmCRAgQICAAPsBAgQIECAQCAhwgG6SAAECBAgIsB8gQIAAAQKBgAAH6CYJECBAgIAA+wECBAgQIBAICHCAbpIAAQIECAiwHyBAgAABAoGAAAfoJgkQIECAgAD7AQIECBAgEAgIcIBukgABAgQICLAfIECAAAECgYAAB+gmCRAgQICAAPsBAgQIECAQCAhwgG6SAAECBAgIsB8gQIAAAQKBgAAH6CYJECBAgIAA+wECBAgQIBAICHCAbpIAAQIECAiwHyBAgAABAoGAAAfoJgkQIECAgAD7AQIECBAgEAgIcIBukgABAgQICLAfIECAAAECgYAAB+gmCRAgQICAAPsBAgQIECAQCAhwgG6SAAECBAgIsB8gQIAAAQKBgAAH6CYJECBAgIAA+wECBAgQIBAICHCAbpIAAQIECAiwHyBAgAABAoGAAAfoJgkQIECAgAD7AQIECBAgEAgIcIBukgABAgQICLAfIECAAAECgYAAB+gmCRAgQICAAPsBAgQIECAQCAhwgG6SAAECBAgIsB8gQIAAAQKBgAAH6CYJECBAgIAA+wECBAgQIBAICHCAbpIAAQIECAiwHyBAgAABAoGAAAfoJgkQIECAgAD7AQIECBAgEAgIcIBukgABAgQICLAfIECAAAECgYAAB+gmCRAgQICAAPsBAgQIECAQCAhwgG6SAAECBAgIsB8gQIAAAQKBgAAH6CYJECBAgIAA+wECBAgQIBAICHCAbpIAAQIECAiwHyBAgAABAoGAAAfoJgkQIECAgAD7AQIECBAgEAgIcIBukgABAgQICLAfIECAAAECgYAAB+gmCRAgQICAAPsBAgQIECAQCAhwgG6SAAECBAgIsB8gQIAAAQKBgAAH6CYJECBAgIAA+wECBAgQIBAICHCAbpIAAQIECAiwHyBAgAABAoGAAAfoJgkQIECAgAD7AQIECBAgEAgIcIBukgABAgQICLAfIECAAAECgYAAB+gmCRAgQICAAPsBAgQIECAQCAhwgG6SAAECBAgIsB8gQIAAAQKBgAAH6CYJECBAgIAA+wECBAgQIBAICHCAbpIAAQIECAiwHyBAgAABAoGAAAfoJgkQIECAgAD7AQIECBAgEAgIcIBukgABAgQICLAfIECAAAECgYAAB+gmCRAgQICAAPsBAgQIECAQCAhwgG6SAAECBAgIsB8gQIAAAQKBgAAH6CYJECBAgIAA+wECBAgQIBAICHCAbpIAAQIECAiwHyBAgAABAoGAAAfoJgkQIECAgAD7AQIECBAgEAgIcIBukgABAgQICLAfIECAAAECgYAAB+gmCRAgQICAAPsBAgQIECAQCAhwgG6SAAECBAgIsB8gQIAAAQKBgAAH6CYJECBAgIAA+wECBAgQIBAICHCAbpIAAQIECAiwHyBAgAABAoGAAAfoJgkQIECAgAD7AQIECBAgEAgIcIBukgABAgQICLAfIECAAAECgYAAB+gmCRAgQICAAPsBAgQIECAQCAhwgG6SAAECBAgIsB8gQIAAAQKBgAAH6CYJECBAgIAA+wECBAgQIBAICHCAbpIAAQIECAiwHyBAgAABAoGAAAfoJgkQIECAgAD7AQIECBAgEAgIcIBukgABAgQICLAfIECAAAECgYAAB+gmCRAgQICAAPsBAgQIECAQCAhwgG6SAAECBAgIsB8gQIAAAQKBgAAH6CYJECBAgIAA+wECBAgQIBAICHCAbpIAAQIECAiwHyBAgAABAoGAAAfoJgkQIECAgAD7AQIECBAgEAgIcIBukgABAgQICLAfIECAAAECgYAAB+gmCRAgQICAAPsBAgQIECAQCAhwgG6SAAECBAgIsB8gQIAAAQKBgAAH6CYJECBAgIAA+wECBAgQIBAICHCAbpIAAQIECAiwHyBAgAABAoGAAAfoJgkQIECAgAD7AQIECBAgEAgIcIBukgABAgQICLAfIECAAAECgYAAB+gmCRAgQICAAPsBAgQIECAQCAhwgG6SAAECBAgIsB8gQIAAAQKBgAAH6CYJECBAgIAA+wECBAgQIBAICHCAbpIAAQIECAiwHyBAgAABAoGAAAfoJgkQIECAgAD7AQIECBAgEAgIcIBukgABAgQICLAfIECAAAECgYAAB+gmCRAgQICAAPsBAgQIECAQCAhwgG6SAAECBAgIsB8gQIAAAQKBgAAH6CYJECBAgIAA+wECBAgQIBAICHCAbpIAAQIECAiwHyBAgAABAoGAAAfoJgkQIECAgAD7AQIECBAgEAgIcIBukgABAgQICLAfIECAAAECgYAAB+gmCRAgQICAAPsBAgQIECAQCAhwgG6SAAECBAgIsB8gQIAAAQKBgAAH6CYJECBAgIAA+wECBAgQIBAICHCAbpIAAQIECAiwHyBAgAABAoGAAAfoJgkQIECAgAD7AQIECBAgEAgIcIBukgABAgQICLAfIECAAAECgYAAB+gmCRAgQICAAPsBAgQIECAQCAhwgG6SAAECBAgIsB8gQIAAAQKBgAAH6CYJECBAgIAA+wECBAgQIBAICHCAbpIAAQIECAiwHyBAgAABAoGAAAfoJgkQIECAgAD7AQIECBAgEAgIcIBukgABAgQICLAfIECAAAECgYAAB+gmCRAgQICAAPsBAgQIECAQCAhwgG6SAAECBAgIsB8gQIAAAQKBgAAH6CYJECBAgIAA+wECBAgQIBAICHCAbpIAAQIECAiwHyBAgAABAoGAAAfoJgkQIECAgAD7AQIECBAgEAgIcIBukgABAgQICLAfIECAAAECgYAAB+gmCRAgQICAAPsBAgQIECAQCAhwgG6SAAECBAgIsB8gQIAAAQKBgAAH6CYJECBAgIAA+wECBAgQIBAICHCAbpIAAQIECAiwHyBAgAABAoGAAAfoJgkQIECAgAD7AQIECBAgEAgIcIBukgABAgQICLAfIECAAAECgYAAB+gmCRAgQICAAPsBAgQIECAQCAhwgG6SAAECBAgIsB8gQIAAAQKBgAAH6CYJECBAgIAA+wECBAgQIBAICHCAbpIAAQIECAiwHyBAgAABAoGAAAfoJgkQIECAgAD7AQIECBAgEAgIcIBukgABAgQICLAfIECAAAECgYAAB+gmCRAgQICAAPsBAgQIECAQCAhwgG6SAAECBAgIsB8gQIAAAQKBgAAH6CYJECBAgIAA+wECBAgQIBAICHCAbpIAAQIECAiwHyBAgAABAoGAAAfoJgkQIECAgAD7AQIECBAgEAgIcIBukgABAgQICLAfIECAAAECgYAAB+gmCRAgQICAAPsBAgQIECAQCAhwgG6SAAECBAgIsB8gQIAAAQKBgAAH6CYJECBAgIAA+wECBAgQIBAICHCAbpIAAQIECAiwHyBAgAABAoGAAAfoJgkQIECAgAD7AQIECBAgEAgIcIBukgABAgQICLAfIECAAAECgYAAB+gmCRAgQICAAPsBAgQIECAQCAhwgG6SAAECBAgIsB8gQIAAAQKBgAAH6CYJECBAgIAA+wECBAgQIBAICHCAbpIAAQIECByxcQFpoRMBzwAAAABJRU5ErkJggg==</pentrails><costumes><list id=\"2\"></list></costumes><sounds><list id=\"3\"></list></sounds><variables></variables><blocks></blocks><scripts></scripts><sprites><sprite name=\"Sprite\" idx=\"1\" x=\"0\" y=\"0\" heading=\"90\" scale=\"1\" rotation=\"1\" draggable=\"true\" costume=\"0\" color=\"80,80,80\" pen=\"tip\" id=\"8\"><costumes><list id=\"9\"></list></costumes><sounds><list id=\"10\"></list></sounds><blocks></blocks><variables></variables><scripts></scripts></sprite></sprites></stage><hidden></hidden><headers></headers><code></code><blocks></blocks><variables></variables></project>', 11, 14, 0),
(13, '<project name=\"Untitled\" app=\"Snap! 4.2, http://snap.berkeley.edu\" version=\"1\"><notes></notes><thumbnail>data:image/png;base64,iVBORw0KGgoAAAANSUhEUgAAAKAAAAB4CAYAAAB1ovlvAAAAAXNSR0IArs4c6QAAArZJREFUeF7t1zFqKlEAhtEbRbDKErIfNyBoIRKX4nZchPsRGxsJBH0k3SsSHq/wAzlTD/zMdw8zzMv9fr8PlwJRgRcAo/JmvwsACEJaAMA0v3EAGUgLAJjmNw4gA2kBANP8xgFkIC0AYJrfOIAMpAUATPMbB5CBtACAaX7jADKQFgAwzW8cQAbSAgCm+Y0DyEBaAMA0v3EAGUgLAJjmNw4gA2kBANP8xgFkIC0AYJrfOIAMpAUATPMbB5CBtACAaX7jADKQFgAwzW8cQAbSAgCm+Y0DyEBaAMA0v3EAGUgLAJjmNw4gA2kBANP8xgFkIC0AYJrfOIAMpAUATPMbB5CBtACAaX7jADKQFgAwzW8cQAbSAgCm+Y0DyEBaAMA0v3EAGUgLAJjmNw4gA2kBANP8xgFkIC0A4A/5D4fDOJ/PY7FYjLe3t/SQnnkcwB9O93K5jN1uNz4/P8fpdBqr1WpMp9Ox3W7HfD5/ZhMPfTYAf8l9PB7Hfr8fr6+vf911vV6/Id5ut7Ferx96YM82BuB/APz4+BibzWZMJpOxXC6fzcRDnwfAf/wEf73pvj7B7+/vYzabPfSQnnkMQD8hqW8A0/zGAWQgLQBgmt84gAykBQBM8xsHkIG0AIBpfuMAMpAWADDNbxxABtICAKb5jQPIQFoAwDS/cQAZSAsAmOY3DiADaQEA0/zGAWQgLQBgmt84gAykBQBM8xsHkIG0AIBpfuMAMpAWADDNbxxABtICAKb5jQPIQFoAwDS/cQAZSAsAmOY3DiADaQEA0/zGAWQgLQBgmt84gAykBQBM8xsHkIG0AIBpfuMAMpAWADDNbxxABtICAKb5jQPIQFoAwDS/cQAZSAsAmOY3DiADaQEA0/zGAWQgLQBgmt84gAykBQBM8xsHkIG0AIBpfuMAMpAWADDNb/wPTZAXt/+w3A4AAAAASUVORK5CYII=</thumbnail><stage name=\"Stage\" width=\"480\" height=\"360\" costume=\"0\" tempo=\"60\" threadsafe=\"false\" lines=\"round\" ternary=\"false\" codify=\"false\" inheritance=\"true\" sublistIDs=\"false\" scheduled=\"false\" id=\"1\"><pentrails>data:image/png;base64,iVBORw0KGgoAAAANSUhEUgAAAeAAAAFoCAYAAACPNyggAAAAAXNSR0IArs4c6QAADoVJREFUeF7t1cEJAAAIxDDdf2m3sJ+4wEEQuuMIECBAgACBd4F9XzRIgAABAgQIjAB7AgIECBAgEAgIcIBukgABAgQICLAfIECAAAECgYAAB+gmCRAgQICAAPsBAgQIECAQCAhwgG6SAAECBAgIsB8gQIAAAQKBgAAH6CYJECBAgIAA+wECBAgQIBAICHCAbpIAAQIECAiwHyBAgAABAoGAAAfoJgkQIECAgAD7AQIECBAgEAgIcIBukgABAgQICLAfIECAAAECgYAAB+gmCRAgQICAAPsBAgQIECAQCAhwgG6SAAECBAgIsB8gQIAAAQKBgAAH6CYJECBAgIAA+wECBAgQIBAICHCAbpIAAQIECAiwHyBAgAABAoGAAAfoJgkQIECAgAD7AQIECBAgEAgIcIBukgABAgQICLAfIECAAAECgYAAB+gmCRAgQICAAPsBAgQIECAQCAhwgG6SAAECBAgIsB8gQIAAAQKBgAAH6CYJECBAgIAA+wECBAgQIBAICHCAbpIAAQIECAiwHyBAgAABAoGAAAfoJgkQIECAgAD7AQIECBAgEAgIcIBukgABAgQICLAfIECAAAECgYAAB+gmCRAgQICAAPsBAgQIECAQCAhwgG6SAAECBAgIsB8gQIAAAQKBgAAH6CYJECBAgIAA+wECBAgQIBAICHCAbpIAAQIECAiwHyBAgAABAoGAAAfoJgkQIECAgAD7AQIECBAgEAgIcIBukgABAgQICLAfIECAAAECgYAAB+gmCRAgQICAAPsBAgQIECAQCAhwgG6SAAECBAgIsB8gQIAAAQKBgAAH6CYJECBAgIAA+wECBAgQIBAICHCAbpIAAQIECAiwHyBAgAABAoGAAAfoJgkQIECAgAD7AQIECBAgEAgIcIBukgABAgQICLAfIECAAAECgYAAB+gmCRAgQICAAPsBAgQIECAQCAhwgG6SAAECBAgIsB8gQIAAAQKBgAAH6CYJECBAgIAA+wECBAgQIBAICHCAbpIAAQIECAiwHyBAgAABAoGAAAfoJgkQIECAgAD7AQIECBAgEAgIcIBukgABAgQICLAfIECAAAECgYAAB+gmCRAgQICAAPsBAgQIECAQCAhwgG6SAAECBAgIsB8gQIAAAQKBgAAH6CYJECBAgIAA+wECBAgQIBAICHCAbpIAAQIECAiwHyBAgAABAoGAAAfoJgkQIECAgAD7AQIECBAgEAgIcIBukgABAgQICLAfIECAAAECgYAAB+gmCRAgQICAAPsBAgQIECAQCAhwgG6SAAECBAgIsB8gQIAAAQKBgAAH6CYJECBAgIAA+wECBAgQIBAICHCAbpIAAQIECAiwHyBAgAABAoGAAAfoJgkQIECAgAD7AQIECBAgEAgIcIBukgABAgQICLAfIECAAAECgYAAB+gmCRAgQICAAPsBAgQIECAQCAhwgG6SAAECBAgIsB8gQIAAAQKBgAAH6CYJECBAgIAA+wECBAgQIBAICHCAbpIAAQIECAiwHyBAgAABAoGAAAfoJgkQIECAgAD7AQIECBAgEAgIcIBukgABAgQICLAfIECAAAECgYAAB+gmCRAgQICAAPsBAgQIECAQCAhwgG6SAAECBAgIsB8gQIAAAQKBgAAH6CYJECBAgIAA+wECBAgQIBAICHCAbpIAAQIECAiwHyBAgAABAoGAAAfoJgkQIECAgAD7AQIECBAgEAgIcIBukgABAgQICLAfIECAAAECgYAAB+gmCRAgQICAAPsBAgQIECAQCAhwgG6SAAECBAgIsB8gQIAAAQKBgAAH6CYJECBAgIAA+wECBAgQIBAICHCAbpIAAQIECAiwHyBAgAABAoGAAAfoJgkQIECAgAD7AQIECBAgEAgIcIBukgABAgQICLAfIECAAAECgYAAB+gmCRAgQICAAPsBAgQIECAQCAhwgG6SAAECBAgIsB8gQIAAAQKBgAAH6CYJECBAgIAA+wECBAgQIBAICHCAbpIAAQIECAiwHyBAgAABAoGAAAfoJgkQIECAgAD7AQIECBAgEAgIcIBukgABAgQICLAfIECAAAECgYAAB+gmCRAgQICAAPsBAgQIECAQCAhwgG6SAAECBAgIsB8gQIAAAQKBgAAH6CYJECBAgIAA+wECBAgQIBAICHCAbpIAAQIECAiwHyBAgAABAoGAAAfoJgkQIECAgAD7AQIECBAgEAgIcIBukgABAgQICLAfIECAAAECgYAAB+gmCRAgQICAAPsBAgQIECAQCAhwgG6SAAECBAgIsB8gQIAAAQKBgAAH6CYJECBAgIAA+wECBAgQIBAICHCAbpIAAQIECAiwHyBAgAABAoGAAAfoJgkQIECAgAD7AQIECBAgEAgIcIBukgABAgQICLAfIECAAAECgYAAB+gmCRAgQICAAPsBAgQIECAQCAhwgG6SAAECBAgIsB8gQIAAAQKBgAAH6CYJECBAgIAA+wECBAgQIBAICHCAbpIAAQIECAiwHyBAgAABAoGAAAfoJgkQIECAgAD7AQIECBAgEAgIcIBukgABAgQICLAfIECAAAECgYAAB+gmCRAgQICAAPsBAgQIECAQCAhwgG6SAAECBAgIsB8gQIAAAQKBgAAH6CYJECBAgIAA+wECBAgQIBAICHCAbpIAAQIECAiwHyBAgAABAoGAAAfoJgkQIECAgAD7AQIECBAgEAgIcIBukgABAgQICLAfIECAAAECgYAAB+gmCRAgQICAAPsBAgQIECAQCAhwgG6SAAECBAgIsB8gQIAAAQKBgAAH6CYJECBAgIAA+wECBAgQIBAICHCAbpIAAQIECAiwHyBAgAABAoGAAAfoJgkQIECAgAD7AQIECBAgEAgIcIBukgABAgQICLAfIECAAAECgYAAB+gmCRAgQICAAPsBAgQIECAQCAhwgG6SAAECBAgIsB8gQIAAAQKBgAAH6CYJECBAgIAA+wECBAgQIBAICHCAbpIAAQIECAiwHyBAgAABAoGAAAfoJgkQIECAgAD7AQIECBAgEAgIcIBukgABAgQICLAfIECAAAECgYAAB+gmCRAgQICAAPsBAgQIECAQCAhwgG6SAAECBAgIsB8gQIAAAQKBgAAH6CYJECBAgIAA+wECBAgQIBAICHCAbpIAAQIECAiwHyBAgAABAoGAAAfoJgkQIECAgAD7AQIECBAgEAgIcIBukgABAgQICLAfIECAAAECgYAAB+gmCRAgQICAAPsBAgQIECAQCAhwgG6SAAECBAgIsB8gQIAAAQKBgAAH6CYJECBAgIAA+wECBAgQIBAICHCAbpIAAQIECAiwHyBAgAABAoGAAAfoJgkQIECAgAD7AQIECBAgEAgIcIBukgABAgQICLAfIECAAAECgYAAB+gmCRAgQICAAPsBAgQIECAQCAhwgG6SAAECBAgIsB8gQIAAAQKBgAAH6CYJECBAgIAA+wECBAgQIBAICHCAbpIAAQIECAiwHyBAgAABAoGAAAfoJgkQIECAgAD7AQIECBAgEAgIcIBukgABAgQICLAfIECAAAECgYAAB+gmCRAgQICAAPsBAgQIECAQCAhwgG6SAAECBAgIsB8gQIAAAQKBgAAH6CYJECBAgIAA+wECBAgQIBAICHCAbpIAAQIECAiwHyBAgAABAoGAAAfoJgkQIECAgAD7AQIECBAgEAgIcIBukgABAgQICLAfIECAAAECgYAAB+gmCRAgQICAAPsBAgQIECAQCAhwgG6SAAECBAgIsB8gQIAAAQKBgAAH6CYJECBAgIAA+wECBAgQIBAICHCAbpIAAQIECAiwHyBAgAABAoGAAAfoJgkQIECAgAD7AQIECBAgEAgIcIBukgABAgQICLAfIECAAAECgYAAB+gmCRAgQICAAPsBAgQIECAQCAhwgG6SAAECBAgIsB8gQIAAAQKBgAAH6CYJECBAgIAA+wECBAgQIBAICHCAbpIAAQIECAiwHyBAgAABAoGAAAfoJgkQIECAgAD7AQIECBAgEAgIcIBukgABAgQICLAfIECAAAECgYAAB+gmCRAgQICAAPsBAgQIECAQCAhwgG6SAAECBAgIsB8gQIAAAQKBgAAH6CYJECBAgIAA+wECBAgQIBAICHCAbpIAAQIECAiwHyBAgAABAoGAAAfoJgkQIECAgAD7AQIECBAgEAgIcIBukgABAgQICLAfIECAAAECgYAAB+gmCRAgQICAAPsBAgQIECAQCAhwgG6SAAECBAgIsB8gQIAAAQKBgAAH6CYJECBAgIAA+wECBAgQIBAICHCAbpIAAQIECAiwHyBAgAABAoGAAAfoJgkQIECAgAD7AQIECBAgEAgIcIBukgABAgQICLAfIECAAAECgYAAB+gmCRAgQICAAPsBAgQIECAQCAhwgG6SAAECBAgIsB8gQIAAAQKBgAAH6CYJECBAgIAA+wECBAgQIBAICHCAbpIAAQIECAiwHyBAgAABAoGAAAfoJgkQIECAgAD7AQIECBAgEAgIcIBukgABAgQICLAfIECAAAECgYAAB+gmCRAgQICAAPsBAgQIECAQCAhwgG6SAAECBAgIsB8gQIAAAQKBgAAH6CYJECBAgIAA+wECBAgQIBAICHCAbpIAAQIECAiwHyBAgAABAoGAAAfoJgkQIECAgAD7AQIECBAgEAgIcIBukgABAgQICLAfIECAAAECgYAAB+gmCRAgQICAAPsBAgQIECAQCAhwgG6SAAECBAgIsB8gQIAAAQKBgAAH6CYJECBAgIAA+wECBAgQIBAICHCAbpIAAQIECAiwHyBAgAABAoGAAAfoJgkQIECAgAD7AQIECBAgEAgIcIBukgABAgQICLAfIECAAAECgYAAB+gmCRAgQICAAPsBAgQIECAQCAhwgG6SAAECBAgIsB8gQIAAAQKBgAAH6CYJECBAgIAA+wECBAgQIBAICHCAbpIAAQIECByxcQFpoRMBzwAAAABJRU5ErkJggg==</pentrails><costumes><list id=\"2\"></list></costumes><sounds><list id=\"3\"></list></sounds><variables></variables><blocks></blocks><scripts></scripts><sprites><sprite name=\"Sprite\" idx=\"1\" x=\"0\" y=\"0\" heading=\"90\" scale=\"1\" rotation=\"1\" draggable=\"true\" costume=\"0\" color=\"80,80,80\" pen=\"tip\" id=\"8\"><costumes><list id=\"9\"></list></costumes><sounds><list id=\"10\"></list></sounds><blocks></blocks><variables></variables><scripts><script x=\"52\" y=\"126\"><block s=\"forward\"><l>10</l></block></script></scripts></sprite></sprites></stage><hidden></hidden><headers></headers><code></code><blocks></blocks><variables></variables></project>', 8, 15, 0);
INSERT INTO `submission` (`id`, `submission_code`, `assignment_id`, `user_id`, `is_submitted`) VALUES
(14, '<project name=\"Untitled\" app=\"Snap! 4.2, http://snap.berkeley.edu\" version=\"1\"><notes></notes><thumbnail>data:image/png;base64,iVBORw0KGgoAAAANSUhEUgAAAKAAAAB4CAYAAAB1ovlvAAAAAXNSR0IArs4c6QAAArZJREFUeF7t1zFqKlEAhtEbRbDKErIfNyBoIRKX4nZchPsRGxsJBH0k3SsSHq/wAzlTD/zMdw8zzMv9fr8PlwJRgRcAo/JmvwsACEJaAMA0v3EAGUgLAJjmNw4gA2kBANP8xgFkIC0AYJrfOIAMpAUATPMbB5CBtACAaX7jADKQFgAwzW8cQAbSAgCm+Y0DyEBaAMA0v3EAGUgLAJjmNw4gA2kBANP8xgFkIC0AYJrfOIAMpAUATPMbB5CBtACAaX7jADKQFgAwzW8cQAbSAgCm+Y0DyEBaAMA0v3EAGUgLAJjmNw4gA2kBANP8xgFkIC0AYJrfOIAMpAUATPMbB5CBtACAaX7jADKQFgAwzW8cQAbSAgCm+Y0DyEBaAMA0v3EAGUgLAJjmNw4gA2kBANP8xgFkIC0A4A/5D4fDOJ/PY7FYjLe3t/SQnnkcwB9O93K5jN1uNz4/P8fpdBqr1WpMp9Ox3W7HfD5/ZhMPfTYAf8l9PB7Hfr8fr6+vf911vV6/Id5ut7Ferx96YM82BuB/APz4+BibzWZMJpOxXC6fzcRDnwfAf/wEf73pvj7B7+/vYzabPfSQnnkMQD8hqW8A0/zGAWQgLQBgmt84gAykBQBM8xsHkIG0AIBpfuMAMpAWADDNbxxABtICAKb5jQPIQFoAwDS/cQAZSAsAmOY3DiADaQEA0/zGAWQgLQBgmt84gAykBQBM8xsHkIG0AIBpfuMAMpAWADDNbxxABtICAKb5jQPIQFoAwDS/cQAZSAsAmOY3DiADaQEA0/zGAWQgLQBgmt84gAykBQBM8xsHkIG0AIBpfuMAMpAWADDNbxxABtICAKb5jQPIQFoAwDS/cQAZSAsAmOY3DiADaQEA0/zGAWQgLQBgmt84gAykBQBM8xsHkIG0AIBpfuMAMpAWADDNb/wPTZAXt/+w3A4AAAAASUVORK5CYII=</thumbnail><stage name=\"Stage\" width=\"480\" height=\"360\" costume=\"0\" tempo=\"60\" threadsafe=\"false\" lines=\"round\" ternary=\"false\" codify=\"false\" inheritance=\"true\" sublistIDs=\"false\" scheduled=\"false\" id=\"1\"><pentrails>data:image/png;base64,iVBORw0KGgoAAAANSUhEUgAAAeAAAAFoCAYAAACPNyggAAAAAXNSR0IArs4c6QAADoVJREFUeF7t1cEJAAAIxDDdf2m3sJ+4wEEQuuMIECBAgACBd4F9XzRIgAABAgQIjAB7AgIECBAgEAgIcIBukgABAgQICLAfIECAAAECgYAAB+gmCRAgQICAAPsBAgQIECAQCAhwgG6SAAECBAgIsB8gQIAAAQKBgAAH6CYJECBAgIAA+wECBAgQIBAICHCAbpIAAQIECAiwHyBAgAABAoGAAAfoJgkQIECAgAD7AQIECBAgEAgIcIBukgABAgQICLAfIECAAAECgYAAB+gmCRAgQICAAPsBAgQIECAQCAhwgG6SAAECBAgIsB8gQIAAAQKBgAAH6CYJECBAgIAA+wECBAgQIBAICHCAbpIAAQIECAiwHyBAgAABAoGAAAfoJgkQIECAgAD7AQIECBAgEAgIcIBukgABAgQICLAfIECAAAECgYAAB+gmCRAgQICAAPsBAgQIECAQCAhwgG6SAAECBAgIsB8gQIAAAQKBgAAH6CYJECBAgIAA+wECBAgQIBAICHCAbpIAAQIECAiwHyBAgAABAoGAAAfoJgkQIECAgAD7AQIECBAgEAgIcIBukgABAgQICLAfIECAAAECgYAAB+gmCRAgQICAAPsBAgQIECAQCAhwgG6SAAECBAgIsB8gQIAAAQKBgAAH6CYJECBAgIAA+wECBAgQIBAICHCAbpIAAQIECAiwHyBAgAABAoGAAAfoJgkQIECAgAD7AQIECBAgEAgIcIBukgABAgQICLAfIECAAAECgYAAB+gmCRAgQICAAPsBAgQIECAQCAhwgG6SAAECBAgIsB8gQIAAAQKBgAAH6CYJECBAgIAA+wECBAgQIBAICHCAbpIAAQIECAiwHyBAgAABAoGAAAfoJgkQIECAgAD7AQIECBAgEAgIcIBukgABAgQICLAfIECAAAECgYAAB+gmCRAgQICAAPsBAgQIECAQCAhwgG6SAAECBAgIsB8gQIAAAQKBgAAH6CYJECBAgIAA+wECBAgQIBAICHCAbpIAAQIECAiwHyBAgAABAoGAAAfoJgkQIECAgAD7AQIECBAgEAgIcIBukgABAgQICLAfIECAAAECgYAAB+gmCRAgQICAAPsBAgQIECAQCAhwgG6SAAECBAgIsB8gQIAAAQKBgAAH6CYJECBAgIAA+wECBAgQIBAICHCAbpIAAQIECAiwHyBAgAABAoGAAAfoJgkQIECAgAD7AQIECBAgEAgIcIBukgABAgQICLAfIECAAAECgYAAB+gmCRAgQICAAPsBAgQIECAQCAhwgG6SAAECBAgIsB8gQIAAAQKBgAAH6CYJECBAgIAA+wECBAgQIBAICHCAbpIAAQIECAiwHyBAgAABAoGAAAfoJgkQIECAgAD7AQIECBAgEAgIcIBukgABAgQICLAfIECAAAECgYAAB+gmCRAgQICAAPsBAgQIECAQCAhwgG6SAAECBAgIsB8gQIAAAQKBgAAH6CYJECBAgIAA+wECBAgQIBAICHCAbpIAAQIECAiwHyBAgAABAoGAAAfoJgkQIECAgAD7AQIECBAgEAgIcIBukgABAgQICLAfIECAAAECgYAAB+gmCRAgQICAAPsBAgQIECAQCAhwgG6SAAECBAgIsB8gQIAAAQKBgAAH6CYJECBAgIAA+wECBAgQIBAICHCAbpIAAQIECAiwHyBAgAABAoGAAAfoJgkQIECAgAD7AQIECBAgEAgIcIBukgABAgQICLAfIECAAAECgYAAB+gmCRAgQICAAPsBAgQIECAQCAhwgG6SAAECBAgIsB8gQIAAAQKBgAAH6CYJECBAgIAA+wECBAgQIBAICHCAbpIAAQIECAiwHyBAgAABAoGAAAfoJgkQIECAgAD7AQIECBAgEAgIcIBukgABAgQICLAfIECAAAECgYAAB+gmCRAgQICAAPsBAgQIECAQCAhwgG6SAAECBAgIsB8gQIAAAQKBgAAH6CYJECBAgIAA+wECBAgQIBAICHCAbpIAAQIECAiwHyBAgAABAoGAAAfoJgkQIECAgAD7AQIECBAgEAgIcIBukgABAgQICLAfIECAAAECgYAAB+gmCRAgQICAAPsBAgQIECAQCAhwgG6SAAECBAgIsB8gQIAAAQKBgAAH6CYJECBAgIAA+wECBAgQIBAICHCAbpIAAQIECAiwHyBAgAABAoGAAAfoJgkQIECAgAD7AQIECBAgEAgIcIBukgABAgQICLAfIECAAAECgYAAB+gmCRAgQICAAPsBAgQIECAQCAhwgG6SAAECBAgIsB8gQIAAAQKBgAAH6CYJECBAgIAA+wECBAgQIBAICHCAbpIAAQIECAiwHyBAgAABAoGAAAfoJgkQIECAgAD7AQIECBAgEAgIcIBukgABAgQICLAfIECAAAECgYAAB+gmCRAgQICAAPsBAgQIECAQCAhwgG6SAAECBAgIsB8gQIAAAQKBgAAH6CYJECBAgIAA+wECBAgQIBAICHCAbpIAAQIECAiwHyBAgAABAoGAAAfoJgkQIECAgAD7AQIECBAgEAgIcIBukgABAgQICLAfIECAAAECgYAAB+gmCRAgQICAAPsBAgQIECAQCAhwgG6SAAECBAgIsB8gQIAAAQKBgAAH6CYJECBAgIAA+wECBAgQIBAICHCAbpIAAQIECAiwHyBAgAABAoGAAAfoJgkQIECAgAD7AQIECBAgEAgIcIBukgABAgQICLAfIECAAAECgYAAB+gmCRAgQICAAPsBAgQIECAQCAhwgG6SAAECBAgIsB8gQIAAAQKBgAAH6CYJECBAgIAA+wECBAgQIBAICHCAbpIAAQIECAiwHyBAgAABAoGAAAfoJgkQIECAgAD7AQIECBAgEAgIcIBukgABAgQICLAfIECAAAECgYAAB+gmCRAgQICAAPsBAgQIECAQCAhwgG6SAAECBAgIsB8gQIAAAQKBgAAH6CYJECBAgIAA+wECBAgQIBAICHCAbpIAAQIECAiwHyBAgAABAoGAAAfoJgkQIECAgAD7AQIECBAgEAgIcIBukgABAgQICLAfIECAAAECgYAAB+gmCRAgQICAAPsBAgQIECAQCAhwgG6SAAECBAgIsB8gQIAAAQKBgAAH6CYJECBAgIAA+wECBAgQIBAICHCAbpIAAQIECAiwHyBAgAABAoGAAAfoJgkQIECAgAD7AQIECBAgEAgIcIBukgABAgQICLAfIECAAAECgYAAB+gmCRAgQICAAPsBAgQIECAQCAhwgG6SAAECBAgIsB8gQIAAAQKBgAAH6CYJECBAgIAA+wECBAgQIBAICHCAbpIAAQIECAiwHyBAgAABAoGAAAfoJgkQIECAgAD7AQIECBAgEAgIcIBukgABAgQICLAfIECAAAECgYAAB+gmCRAgQICAAPsBAgQIECAQCAhwgG6SAAECBAgIsB8gQIAAAQKBgAAH6CYJECBAgIAA+wECBAgQIBAICHCAbpIAAQIECAiwHyBAgAABAoGAAAfoJgkQIECAgAD7AQIECBAgEAgIcIBukgABAgQICLAfIECAAAECgYAAB+gmCRAgQICAAPsBAgQIECAQCAhwgG6SAAECBAgIsB8gQIAAAQKBgAAH6CYJECBAgIAA+wECBAgQIBAICHCAbpIAAQIECAiwHyBAgAABAoGAAAfoJgkQIECAgAD7AQIECBAgEAgIcIBukgABAgQICLAfIECAAAECgYAAB+gmCRAgQICAAPsBAgQIECAQCAhwgG6SAAECBAgIsB8gQIAAAQKBgAAH6CYJECBAgIAA+wECBAgQIBAICHCAbpIAAQIECAiwHyBAgAABAoGAAAfoJgkQIECAgAD7AQIECBAgEAgIcIBukgABAgQICLAfIECAAAECgYAAB+gmCRAgQICAAPsBAgQIECAQCAhwgG6SAAECBAgIsB8gQIAAAQKBgAAH6CYJECBAgIAA+wECBAgQIBAICHCAbpIAAQIECAiwHyBAgAABAoGAAAfoJgkQIECAgAD7AQIECBAgEAgIcIBukgABAgQICLAfIECAAAECgYAAB+gmCRAgQICAAPsBAgQIECAQCAhwgG6SAAECBAgIsB8gQIAAAQKBgAAH6CYJECBAgIAA+wECBAgQIBAICHCAbpIAAQIECAiwHyBAgAABAoGAAAfoJgkQIECAgAD7AQIECBAgEAgIcIBukgABAgQICLAfIECAAAECgYAAB+gmCRAgQICAAPsBAgQIECAQCAhwgG6SAAECBAgIsB8gQIAAAQKBgAAH6CYJECBAgIAA+wECBAgQIBAICHCAbpIAAQIECAiwHyBAgAABAoGAAAfoJgkQIECAgAD7AQIECBAgEAgIcIBukgABAgQICLAfIECAAAECgYAAB+gmCRAgQICAAPsBAgQIECAQCAhwgG6SAAECBAgIsB8gQIAAAQKBgAAH6CYJECBAgIAA+wECBAgQIBAICHCAbpIAAQIECAiwHyBAgAABAoGAAAfoJgkQIECAgAD7AQIECBAgEAgIcIBukgABAgQICLAfIECAAAECgYAAB+gmCRAgQICAAPsBAgQIECAQCAhwgG6SAAECBAgIsB8gQIAAAQKBgAAH6CYJECBAgIAA+wECBAgQIBAICHCAbpIAAQIECAiwHyBAgAABAoGAAAfoJgkQIECAgAD7AQIECBAgEAgIcIBukgABAgQICLAfIECAAAECgYAAB+gmCRAgQICAAPsBAgQIECAQCAhwgG6SAAECBAgIsB8gQIAAAQKBgAAH6CYJECBAgIAA+wECBAgQIBAICHCAbpIAAQIECAiwHyBAgAABAoGAAAfoJgkQIECAgAD7AQIECBAgEAgIcIBukgABAgQICLAfIECAAAECgYAAB+gmCRAgQICAAPsBAgQIECAQCAhwgG6SAAECBAgIsB8gQIAAAQKBgAAH6CYJECBAgIAA+wECBAgQIBAICHCAbpIAAQIECByxcQFpoRMBzwAAAABJRU5ErkJggg==</pentrails><costumes><list id=\"2\"></list></costumes><sounds><list id=\"3\"></list></sounds><variables></variables><blocks></blocks><scripts></scripts><sprites><sprite name=\"Sprite\" idx=\"1\" x=\"0\" y=\"0\" heading=\"90\" scale=\"1\" rotation=\"1\" draggable=\"true\" costume=\"0\" color=\"80,80,80\" pen=\"tip\" id=\"8\"><costumes><list id=\"9\"></list></costumes><sounds><list id=\"10\"></list></sounds><blocks></blocks><variables></variables><scripts></scripts></sprite></sprites></stage><hidden></hidden><headers></headers><code></code><blocks></blocks><variables></variables></project>', 11, 15, 0),
(15, '<project name=\"Untitled\" app=\"Snap! 4.2, http://snap.berkeley.edu\" version=\"1\"><notes></notes><thumbnail>data:image/png;base64,iVBORw0KGgoAAAANSUhEUgAAAKAAAAB4CAYAAAB1ovlvAAAAAXNSR0IArs4c6QAAArZJREFUeF7t1zFqKlEAhtEbRbDKErIfNyBoIRKX4nZchPsRGxsJBH0k3SsSHq/wAzlTD/zMdw8zzMv9fr8PlwJRgRcAo/JmvwsACEJaAMA0v3EAGUgLAJjmNw4gA2kBANP8xgFkIC0AYJrfOIAMpAUATPMbB5CBtACAaX7jADKQFgAwzW8cQAbSAgCm+Y0DyEBaAMA0v3EAGUgLAJjmNw4gA2kBANP8xgFkIC0AYJrfOIAMpAUATPMbB5CBtACAaX7jADKQFgAwzW8cQAbSAgCm+Y0DyEBaAMA0v3EAGUgLAJjmNw4gA2kBANP8xgFkIC0AYJrfOIAMpAUATPMbB5CBtACAaX7jADKQFgAwzW8cQAbSAgCm+Y0DyEBaAMA0v3EAGUgLAJjmNw4gA2kBANP8xgFkIC0A4A/5D4fDOJ/PY7FYjLe3t/SQnnkcwB9O93K5jN1uNz4/P8fpdBqr1WpMp9Ox3W7HfD5/ZhMPfTYAf8l9PB7Hfr8fr6+vf911vV6/Id5ut7Ferx96YM82BuB/APz4+BibzWZMJpOxXC6fzcRDnwfAf/wEf73pvj7B7+/vYzabPfSQnnkMQD8hqW8A0/zGAWQgLQBgmt84gAykBQBM8xsHkIG0AIBpfuMAMpAWADDNbxxABtICAKb5jQPIQFoAwDS/cQAZSAsAmOY3DiADaQEA0/zGAWQgLQBgmt84gAykBQBM8xsHkIG0AIBpfuMAMpAWADDNbxxABtICAKb5jQPIQFoAwDS/cQAZSAsAmOY3DiADaQEA0/zGAWQgLQBgmt84gAykBQBM8xsHkIG0AIBpfuMAMpAWADDNbxxABtICAKb5jQPIQFoAwDS/cQAZSAsAmOY3DiADaQEA0/zGAWQgLQBgmt84gAykBQBM8xsHkIG0AIBpfuMAMpAWADDNb/wPTZAXt/+w3A4AAAAASUVORK5CYII=</thumbnail><stage name=\"Stage\" width=\"480\" height=\"360\" costume=\"0\" tempo=\"60\" threadsafe=\"false\" lines=\"round\" ternary=\"false\" codify=\"false\" inheritance=\"true\" sublistIDs=\"false\" scheduled=\"false\" id=\"1\"><pentrails>data:image/png;base64,iVBORw0KGgoAAAANSUhEUgAAAeAAAAFoCAYAAACPNyggAAAAAXNSR0IArs4c6QAADoVJREFUeF7t1cEJAAAIxDDdf2m3sJ+4wEEQuuMIECBAgACBd4F9XzRIgAABAgQIjAB7AgIECBAgEAgIcIBukgABAgQICLAfIECAAAECgYAAB+gmCRAgQICAAPsBAgQIECAQCAhwgG6SAAECBAgIsB8gQIAAAQKBgAAH6CYJECBAgIAA+wECBAgQIBAICHCAbpIAAQIECAiwHyBAgAABAoGAAAfoJgkQIECAgAD7AQIECBAgEAgIcIBukgABAgQICLAfIECAAAECgYAAB+gmCRAgQICAAPsBAgQIECAQCAhwgG6SAAECBAgIsB8gQIAAAQKBgAAH6CYJECBAgIAA+wECBAgQIBAICHCAbpIAAQIECAiwHyBAgAABAoGAAAfoJgkQIECAgAD7AQIECBAgEAgIcIBukgABAgQICLAfIECAAAECgYAAB+gmCRAgQICAAPsBAgQIECAQCAhwgG6SAAECBAgIsB8gQIAAAQKBgAAH6CYJECBAgIAA+wECBAgQIBAICHCAbpIAAQIECAiwHyBAgAABAoGAAAfoJgkQIECAgAD7AQIECBAgEAgIcIBukgABAgQICLAfIECAAAECgYAAB+gmCRAgQICAAPsBAgQIECAQCAhwgG6SAAECBAgIsB8gQIAAAQKBgAAH6CYJECBAgIAA+wECBAgQIBAICHCAbpIAAQIECAiwHyBAgAABAoGAAAfoJgkQIECAgAD7AQIECBAgEAgIcIBukgABAgQICLAfIECAAAECgYAAB+gmCRAgQICAAPsBAgQIECAQCAhwgG6SAAECBAgIsB8gQIAAAQKBgAAH6CYJECBAgIAA+wECBAgQIBAICHCAbpIAAQIECAiwHyBAgAABAoGAAAfoJgkQIECAgAD7AQIECBAgEAgIcIBukgABAgQICLAfIECAAAECgYAAB+gmCRAgQICAAPsBAgQIECAQCAhwgG6SAAECBAgIsB8gQIAAAQKBgAAH6CYJECBAgIAA+wECBAgQIBAICHCAbpIAAQIECAiwHyBAgAABAoGAAAfoJgkQIECAgAD7AQIECBAgEAgIcIBukgABAgQICLAfIECAAAECgYAAB+gmCRAgQICAAPsBAgQIECAQCAhwgG6SAAECBAgIsB8gQIAAAQKBgAAH6CYJECBAgIAA+wECBAgQIBAICHCAbpIAAQIECAiwHyBAgAABAoGAAAfoJgkQIECAgAD7AQIECBAgEAgIcIBukgABAgQICLAfIECAAAECgYAAB+gmCRAgQICAAPsBAgQIECAQCAhwgG6SAAECBAgIsB8gQIAAAQKBgAAH6CYJECBAgIAA+wECBAgQIBAICHCAbpIAAQIECAiwHyBAgAABAoGAAAfoJgkQIECAgAD7AQIECBAgEAgIcIBukgABAgQICLAfIECAAAECgYAAB+gmCRAgQICAAPsBAgQIECAQCAhwgG6SAAECBAgIsB8gQIAAAQKBgAAH6CYJECBAgIAA+wECBAgQIBAICHCAbpIAAQIECAiwHyBAgAABAoGAAAfoJgkQIECAgAD7AQIECBAgEAgIcIBukgABAgQICLAfIECAAAECgYAAB+gmCRAgQICAAPsBAgQIECAQCAhwgG6SAAECBAgIsB8gQIAAAQKBgAAH6CYJECBAgIAA+wECBAgQIBAICHCAbpIAAQIECAiwHyBAgAABAoGAAAfoJgkQIECAgAD7AQIECBAgEAgIcIBukgABAgQICLAfIECAAAECgYAAB+gmCRAgQICAAPsBAgQIECAQCAhwgG6SAAECBAgIsB8gQIAAAQKBgAAH6CYJECBAgIAA+wECBAgQIBAICHCAbpIAAQIECAiwHyBAgAABAoGAAAfoJgkQIECAgAD7AQIECBAgEAgIcIBukgABAgQICLAfIECAAAECgYAAB+gmCRAgQICAAPsBAgQIECAQCAhwgG6SAAECBAgIsB8gQIAAAQKBgAAH6CYJECBAgIAA+wECBAgQIBAICHCAbpIAAQIECAiwHyBAgAABAoGAAAfoJgkQIECAgAD7AQIECBAgEAgIcIBukgABAgQICLAfIECAAAECgYAAB+gmCRAgQICAAPsBAgQIECAQCAhwgG6SAAECBAgIsB8gQIAAAQKBgAAH6CYJECBAgIAA+wECBAgQIBAICHCAbpIAAQIECAiwHyBAgAABAoGAAAfoJgkQIECAgAD7AQIECBAgEAgIcIBukgABAgQICLAfIECAAAECgYAAB+gmCRAgQICAAPsBAgQIECAQCAhwgG6SAAECBAgIsB8gQIAAAQKBgAAH6CYJECBAgIAA+wECBAgQIBAICHCAbpIAAQIECAiwHyBAgAABAoGAAAfoJgkQIECAgAD7AQIECBAgEAgIcIBukgABAgQICLAfIECAAAECgYAAB+gmCRAgQICAAPsBAgQIECAQCAhwgG6SAAECBAgIsB8gQIAAAQKBgAAH6CYJECBAgIAA+wECBAgQIBAICHCAbpIAAQIECAiwHyBAgAABAoGAAAfoJgkQIECAgAD7AQIECBAgEAgIcIBukgABAgQICLAfIECAAAECgYAAB+gmCRAgQICAAPsBAgQIECAQCAhwgG6SAAECBAgIsB8gQIAAAQKBgAAH6CYJECBAgIAA+wECBAgQIBAICHCAbpIAAQIECAiwHyBAgAABAoGAAAfoJgkQIECAgAD7AQIECBAgEAgIcIBukgABAgQICLAfIECAAAECgYAAB+gmCRAgQICAAPsBAgQIECAQCAhwgG6SAAECBAgIsB8gQIAAAQKBgAAH6CYJECBAgIAA+wECBAgQIBAICHCAbpIAAQIECAiwHyBAgAABAoGAAAfoJgkQIECAgAD7AQIECBAgEAgIcIBukgABAgQICLAfIECAAAECgYAAB+gmCRAgQICAAPsBAgQIECAQCAhwgG6SAAECBAgIsB8gQIAAAQKBgAAH6CYJECBAgIAA+wECBAgQIBAICHCAbpIAAQIECAiwHyBAgAABAoGAAAfoJgkQIECAgAD7AQIECBAgEAgIcIBukgABAgQICLAfIECAAAECgYAAB+gmCRAgQICAAPsBAgQIECAQCAhwgG6SAAECBAgIsB8gQIAAAQKBgAAH6CYJECBAgIAA+wECBAgQIBAICHCAbpIAAQIECAiwHyBAgAABAoGAAAfoJgkQIECAgAD7AQIECBAgEAgIcIBukgABAgQICLAfIECAAAECgYAAB+gmCRAgQICAAPsBAgQIECAQCAhwgG6SAAECBAgIsB8gQIAAAQKBgAAH6CYJECBAgIAA+wECBAgQIBAICHCAbpIAAQIECAiwHyBAgAABAoGAAAfoJgkQIECAgAD7AQIECBAgEAgIcIBukgABAgQICLAfIECAAAECgYAAB+gmCRAgQICAAPsBAgQIECAQCAhwgG6SAAECBAgIsB8gQIAAAQKBgAAH6CYJECBAgIAA+wECBAgQIBAICHCAbpIAAQIECAiwHyBAgAABAoGAAAfoJgkQIECAgAD7AQIECBAgEAgIcIBukgABAgQICLAfIECAAAECgYAAB+gmCRAgQICAAPsBAgQIECAQCAhwgG6SAAECBAgIsB8gQIAAAQKBgAAH6CYJECBAgIAA+wECBAgQIBAICHCAbpIAAQIECAiwHyBAgAABAoGAAAfoJgkQIECAgAD7AQIECBAgEAgIcIBukgABAgQICLAfIECAAAECgYAAB+gmCRAgQICAAPsBAgQIECAQCAhwgG6SAAECBAgIsB8gQIAAAQKBgAAH6CYJECBAgIAA+wECBAgQIBAICHCAbpIAAQIECAiwHyBAgAABAoGAAAfoJgkQIECAgAD7AQIECBAgEAgIcIBukgABAgQICLAfIECAAAECgYAAB+gmCRAgQICAAPsBAgQIECAQCAhwgG6SAAECBAgIsB8gQIAAAQKBgAAH6CYJECBAgIAA+wECBAgQIBAICHCAbpIAAQIECAiwHyBAgAABAoGAAAfoJgkQIECAgAD7AQIECBAgEAgIcIBukgABAgQICLAfIECAAAECgYAAB+gmCRAgQICAAPsBAgQIECAQCAhwgG6SAAECBAgIsB8gQIAAAQKBgAAH6CYJECBAgIAA+wECBAgQIBAICHCAbpIAAQIECAiwHyBAgAABAoGAAAfoJgkQIECAgAD7AQIECBAgEAgIcIBukgABAgQICLAfIECAAAECgYAAB+gmCRAgQICAAPsBAgQIECAQCAhwgG6SAAECBAgIsB8gQIAAAQKBgAAH6CYJECBAgIAA+wECBAgQIBAICHCAbpIAAQIECAiwHyBAgAABAoGAAAfoJgkQIECAgAD7AQIECBAgEAgIcIBukgABAgQICLAfIECAAAECgYAAB+gmCRAgQICAAPsBAgQIECAQCAhwgG6SAAECBAgIsB8gQIAAAQKBgAAH6CYJECBAgIAA+wECBAgQIBAICHCAbpIAAQIECAiwHyBAgAABAoGAAAfoJgkQIECAgAD7AQIECBAgEAgIcIBukgABAgQICLAfIECAAAECgYAAB+gmCRAgQICAAPsBAgQIECAQCAhwgG6SAAECBAgIsB8gQIAAAQKBgAAH6CYJECBAgIAA+wECBAgQIBAICHCAbpIAAQIECAiwHyBAgAABAoGAAAfoJgkQIECAgAD7AQIECBAgEAgIcIBukgABAgQICLAfIECAAAECgYAAB+gmCRAgQICAAPsBAgQIECAQCAhwgG6SAAECBAgIsB8gQIAAAQKBgAAH6CYJECBAgIAA+wECBAgQIBAICHCAbpIAAQIECAiwHyBAgAABAoGAAAfoJgkQIECAgAD7AQIECBAgEAgIcIBukgABAgQICLAfIECAAAECgYAAB+gmCRAgQICAAPsBAgQIECAQCAhwgG6SAAECBAgIsB8gQIAAAQKBgAAH6CYJECBAgIAA+wECBAgQIBAICHCAbpIAAQIECByxcQFpoRMBzwAAAABJRU5ErkJggg==</pentrails><costumes><list id=\"2\"></list></costumes><sounds><list id=\"3\"></list></sounds><variables></variables><blocks></blocks><scripts></scripts><sprites><sprite name=\"Sprite\" idx=\"1\" x=\"0\" y=\"0\" heading=\"90\" scale=\"1\" rotation=\"1\" draggable=\"true\" costume=\"0\" color=\"80,80,80\" pen=\"tip\" id=\"8\"><costumes><list id=\"9\"></list></costumes><sounds><list id=\"10\"></list></sounds><blocks></blocks><variables></variables><scripts><script x=\"52\" y=\"126\"><block s=\"forward\"><l>10</l></block></script></scripts></sprite></sprites></stage><hidden></hidden><headers></headers><code></code><blocks></blocks><variables></variables></project>', 8, 17, 0),
(16, '<project name=\"Untitled\" app=\"Snap! 4.2, http://snap.berkeley.edu\" version=\"1\"><notes></notes><thumbnail>data:image/png;base64,iVBORw0KGgoAAAANSUhEUgAAAKAAAAB4CAYAAAB1ovlvAAAAAXNSR0IArs4c6QAAArZJREFUeF7t1zFqKlEAhtEbRbDKErIfNyBoIRKX4nZchPsRGxsJBH0k3SsSHq/wAzlTD/zMdw8zzMv9fr8PlwJRgRcAo/JmvwsACEJaAMA0v3EAGUgLAJjmNw4gA2kBANP8xgFkIC0AYJrfOIAMpAUATPMbB5CBtACAaX7jADKQFgAwzW8cQAbSAgCm+Y0DyEBaAMA0v3EAGUgLAJjmNw4gA2kBANP8xgFkIC0AYJrfOIAMpAUATPMbB5CBtACAaX7jADKQFgAwzW8cQAbSAgCm+Y0DyEBaAMA0v3EAGUgLAJjmNw4gA2kBANP8xgFkIC0AYJrfOIAMpAUATPMbB5CBtACAaX7jADKQFgAwzW8cQAbSAgCm+Y0DyEBaAMA0v3EAGUgLAJjmNw4gA2kBANP8xgFkIC0A4A/5D4fDOJ/PY7FYjLe3t/SQnnkcwB9O93K5jN1uNz4/P8fpdBqr1WpMp9Ox3W7HfD5/ZhMPfTYAf8l9PB7Hfr8fr6+vf911vV6/Id5ut7Ferx96YM82BuB/APz4+BibzWZMJpOxXC6fzcRDnwfAf/wEf73pvj7B7+/vYzabPfSQnnkMQD8hqW8A0/zGAWQgLQBgmt84gAykBQBM8xsHkIG0AIBpfuMAMpAWADDNbxxABtICAKb5jQPIQFoAwDS/cQAZSAsAmOY3DiADaQEA0/zGAWQgLQBgmt84gAykBQBM8xsHkIG0AIBpfuMAMpAWADDNbxxABtICAKb5jQPIQFoAwDS/cQAZSAsAmOY3DiADaQEA0/zGAWQgLQBgmt84gAykBQBM8xsHkIG0AIBpfuMAMpAWADDNbxxABtICAKb5jQPIQFoAwDS/cQAZSAsAmOY3DiADaQEA0/zGAWQgLQBgmt84gAykBQBM8xsHkIG0AIBpfuMAMpAWADDNb/wPTZAXt/+w3A4AAAAASUVORK5CYII=</thumbnail><stage name=\"Stage\" width=\"480\" height=\"360\" costume=\"0\" tempo=\"60\" threadsafe=\"false\" lines=\"round\" ternary=\"false\" codify=\"false\" inheritance=\"true\" sublistIDs=\"false\" scheduled=\"false\" id=\"1\"><pentrails>data:image/png;base64,iVBORw0KGgoAAAANSUhEUgAAAeAAAAFoCAYAAACPNyggAAAAAXNSR0IArs4c6QAADoVJREFUeF7t1cEJAAAIxDDdf2m3sJ+4wEEQuuMIECBAgACBd4F9XzRIgAABAgQIjAB7AgIECBAgEAgIcIBukgABAgQICLAfIECAAAECgYAAB+gmCRAgQICAAPsBAgQIECAQCAhwgG6SAAECBAgIsB8gQIAAAQKBgAAH6CYJECBAgIAA+wECBAgQIBAICHCAbpIAAQIECAiwHyBAgAABAoGAAAfoJgkQIECAgAD7AQIECBAgEAgIcIBukgABAgQICLAfIECAAAECgYAAB+gmCRAgQICAAPsBAgQIECAQCAhwgG6SAAECBAgIsB8gQIAAAQKBgAAH6CYJECBAgIAA+wECBAgQIBAICHCAbpIAAQIECAiwHyBAgAABAoGAAAfoJgkQIECAgAD7AQIECBAgEAgIcIBukgABAgQICLAfIECAAAECgYAAB+gmCRAgQICAAPsBAgQIECAQCAhwgG6SAAECBAgIsB8gQIAAAQKBgAAH6CYJECBAgIAA+wECBAgQIBAICHCAbpIAAQIECAiwHyBAgAABAoGAAAfoJgkQIECAgAD7AQIECBAgEAgIcIBukgABAgQICLAfIECAAAECgYAAB+gmCRAgQICAAPsBAgQIECAQCAhwgG6SAAECBAgIsB8gQIAAAQKBgAAH6CYJECBAgIAA+wECBAgQIBAICHCAbpIAAQIECAiwHyBAgAABAoGAAAfoJgkQIECAgAD7AQIECBAgEAgIcIBukgABAgQICLAfIECAAAECgYAAB+gmCRAgQICAAPsBAgQIECAQCAhwgG6SAAECBAgIsB8gQIAAAQKBgAAH6CYJECBAgIAA+wECBAgQIBAICHCAbpIAAQIECAiwHyBAgAABAoGAAAfoJgkQIECAgAD7AQIECBAgEAgIcIBukgABAgQICLAfIECAAAECgYAAB+gmCRAgQICAAPsBAgQIECAQCAhwgG6SAAECBAgIsB8gQIAAAQKBgAAH6CYJECBAgIAA+wECBAgQIBAICHCAbpIAAQIECAiwHyBAgAABAoGAAAfoJgkQIECAgAD7AQIECBAgEAgIcIBukgABAgQICLAfIECAAAECgYAAB+gmCRAgQICAAPsBAgQIECAQCAhwgG6SAAECBAgIsB8gQIAAAQKBgAAH6CYJECBAgIAA+wECBAgQIBAICHCAbpIAAQIECAiwHyBAgAABAoGAAAfoJgkQIECAgAD7AQIECBAgEAgIcIBukgABAgQICLAfIECAAAECgYAAB+gmCRAgQICAAPsBAgQIECAQCAhwgG6SAAECBAgIsB8gQIAAAQKBgAAH6CYJECBAgIAA+wECBAgQIBAICHCAbpIAAQIECAiwHyBAgAABAoGAAAfoJgkQIECAgAD7AQIECBAgEAgIcIBukgABAgQICLAfIECAAAECgYAAB+gmCRAgQICAAPsBAgQIECAQCAhwgG6SAAECBAgIsB8gQIAAAQKBgAAH6CYJECBAgIAA+wECBAgQIBAICHCAbpIAAQIECAiwHyBAgAABAoGAAAfoJgkQIECAgAD7AQIECBAgEAgIcIBukgABAgQICLAfIECAAAECgYAAB+gmCRAgQICAAPsBAgQIECAQCAhwgG6SAAECBAgIsB8gQIAAAQKBgAAH6CYJECBAgIAA+wECBAgQIBAICHCAbpIAAQIECAiwHyBAgAABAoGAAAfoJgkQIECAgAD7AQIECBAgEAgIcIBukgABAgQICLAfIECAAAECgYAAB+gmCRAgQICAAPsBAgQIECAQCAhwgG6SAAECBAgIsB8gQIAAAQKBgAAH6CYJECBAgIAA+wECBAgQIBAICHCAbpIAAQIECAiwHyBAgAABAoGAAAfoJgkQIECAgAD7AQIECBAgEAgIcIBukgABAgQICLAfIECAAAECgYAAB+gmCRAgQICAAPsBAgQIECAQCAhwgG6SAAECBAgIsB8gQIAAAQKBgAAH6CYJECBAgIAA+wECBAgQIBAICHCAbpIAAQIECAiwHyBAgAABAoGAAAfoJgkQIECAgAD7AQIECBAgEAgIcIBukgABAgQICLAfIECAAAECgYAAB+gmCRAgQICAAPsBAgQIECAQCAhwgG6SAAECBAgIsB8gQIAAAQKBgAAH6CYJECBAgIAA+wECBAgQIBAICHCAbpIAAQIECAiwHyBAgAABAoGAAAfoJgkQIECAgAD7AQIECBAgEAgIcIBukgABAgQICLAfIECAAAECgYAAB+gmCRAgQICAAPsBAgQIECAQCAhwgG6SAAECBAgIsB8gQIAAAQKBgAAH6CYJECBAgIAA+wECBAgQIBAICHCAbpIAAQIECAiwHyBAgAABAoGAAAfoJgkQIECAgAD7AQIECBAgEAgIcIBukgABAgQICLAfIECAAAECgYAAB+gmCRAgQICAAPsBAgQIECAQCAhwgG6SAAECBAgIsB8gQIAAAQKBgAAH6CYJECBAgIAA+wECBAgQIBAICHCAbpIAAQIECAiwHyBAgAABAoGAAAfoJgkQIECAgAD7AQIECBAgEAgIcIBukgABAgQICLAfIECAAAECgYAAB+gmCRAgQICAAPsBAgQIECAQCAhwgG6SAAECBAgIsB8gQIAAAQKBgAAH6CYJECBAgIAA+wECBAgQIBAICHCAbpIAAQIECAiwHyBAgAABAoGAAAfoJgkQIECAgAD7AQIECBAgEAgIcIBukgABAgQICLAfIECAAAECgYAAB+gmCRAgQICAAPsBAgQIECAQCAhwgG6SAAECBAgIsB8gQIAAAQKBgAAH6CYJECBAgIAA+wECBAgQIBAICHCAbpIAAQIECAiwHyBAgAABAoGAAAfoJgkQIECAgAD7AQIECBAgEAgIcIBukgABAgQICLAfIECAAAECgYAAB+gmCRAgQICAAPsBAgQIECAQCAhwgG6SAAECBAgIsB8gQIAAAQKBgAAH6CYJECBAgIAA+wECBAgQIBAICHCAbpIAAQIECAiwHyBAgAABAoGAAAfoJgkQIECAgAD7AQIECBAgEAgIcIBukgABAgQICLAfIECAAAECgYAAB+gmCRAgQICAAPsBAgQIECAQCAhwgG6SAAECBAgIsB8gQIAAAQKBgAAH6CYJECBAgIAA+wECBAgQIBAICHCAbpIAAQIECAiwHyBAgAABAoGAAAfoJgkQIECAgAD7AQIECBAgEAgIcIBukgABAgQICLAfIECAAAECgYAAB+gmCRAgQICAAPsBAgQIECAQCAhwgG6SAAECBAgIsB8gQIAAAQKBgAAH6CYJECBAgIAA+wECBAgQIBAICHCAbpIAAQIECAiwHyBAgAABAoGAAAfoJgkQIECAgAD7AQIECBAgEAgIcIBukgABAgQICLAfIECAAAECgYAAB+gmCRAgQICAAPsBAgQIECAQCAhwgG6SAAECBAgIsB8gQIAAAQKBgAAH6CYJECBAgIAA+wECBAgQIBAICHCAbpIAAQIECAiwHyBAgAABAoGAAAfoJgkQIECAgAD7AQIECBAgEAgIcIBukgABAgQICLAfIECAAAECgYAAB+gmCRAgQICAAPsBAgQIECAQCAhwgG6SAAECBAgIsB8gQIAAAQKBgAAH6CYJECBAgIAA+wECBAgQIBAICHCAbpIAAQIECAiwHyBAgAABAoGAAAfoJgkQIECAgAD7AQIECBAgEAgIcIBukgABAgQICLAfIECAAAECgYAAB+gmCRAgQICAAPsBAgQIECAQCAhwgG6SAAECBAgIsB8gQIAAAQKBgAAH6CYJECBAgIAA+wECBAgQIBAICHCAbpIAAQIECAiwHyBAgAABAoGAAAfoJgkQIECAgAD7AQIECBAgEAgIcIBukgABAgQICLAfIECAAAECgYAAB+gmCRAgQICAAPsBAgQIECAQCAhwgG6SAAECBAgIsB8gQIAAAQKBgAAH6CYJECBAgIAA+wECBAgQIBAICHCAbpIAAQIECAiwHyBAgAABAoGAAAfoJgkQIECAgAD7AQIECBAgEAgIcIBukgABAgQICLAfIECAAAECgYAAB+gmCRAgQICAAPsBAgQIECAQCAhwgG6SAAECBAgIsB8gQIAAAQKBgAAH6CYJECBAgIAA+wECBAgQIBAICHCAbpIAAQIECAiwHyBAgAABAoGAAAfoJgkQIECAgAD7AQIECBAgEAgIcIBukgABAgQICLAfIECAAAECgYAAB+gmCRAgQICAAPsBAgQIECAQCAhwgG6SAAECBAgIsB8gQIAAAQKBgAAH6CYJECBAgIAA+wECBAgQIBAICHCAbpIAAQIECAiwHyBAgAABAoGAAAfoJgkQIECAgAD7AQIECBAgEAgIcIBukgABAgQICLAfIECAAAECgYAAB+gmCRAgQICAAPsBAgQIECAQCAhwgG6SAAECBAgIsB8gQIAAAQKBgAAH6CYJECBAgIAA+wECBAgQIBAICHCAbpIAAQIECAiwHyBAgAABAoGAAAfoJgkQIECAgAD7AQIECBAgEAgIcIBukgABAgQICLAfIECAAAECgYAAB+gmCRAgQICAAPsBAgQIECAQCAhwgG6SAAECBAgIsB8gQIAAAQKBgAAH6CYJECBAgIAA+wECBAgQIBAICHCAbpIAAQIECAiwHyBAgAABAoGAAAfoJgkQIECAgAD7AQIECBAgEAgIcIBukgABAgQICLAfIECAAAECgYAAB+gmCRAgQICAAPsBAgQIECAQCAhwgG6SAAECBAgIsB8gQIAAAQKBgAAH6CYJECBAgIAA+wECBAgQIBAICHCAbpIAAQIECAiwHyBAgAABAoGAAAfoJgkQIECAgAD7AQIECBAgEAgIcIBukgABAgQICLAfIECAAAECgYAAB+gmCRAgQICAAPsBAgQIECAQCAhwgG6SAAECBAgIsB8gQIAAAQKBgAAH6CYJECBAgIAA+wECBAgQIBAICHCAbpIAAQIECByxcQFpoRMBzwAAAABJRU5ErkJggg==</pentrails><costumes><list id=\"2\"></list></costumes><sounds><list id=\"3\"></list></sounds><variables></variables><blocks></blocks><scripts></scripts><sprites><sprite name=\"Sprite\" idx=\"1\" x=\"0\" y=\"0\" heading=\"90\" scale=\"1\" rotation=\"1\" draggable=\"true\" costume=\"0\" color=\"80,80,80\" pen=\"tip\" id=\"8\"><costumes><list id=\"9\"></list></costumes><sounds><list id=\"10\"></list></sounds><blocks></blocks><variables></variables><scripts></scripts></sprite></sprites></stage><hidden></hidden><headers></headers><code></code><blocks></blocks><variables></variables></project>', 11, 17, 0);

-- --------------------------------------------------------

--
-- Table structure for table `user`
--

CREATE TABLE `user` (
  `id` int(11) NOT NULL,
  `username` varchar(255) NOT NULL,
  `name` varchar(255) NOT NULL,
  `preferred_name` varchar(255) DEFAULT NULL,
  `yob` int(4) DEFAULT NULL,
  `account_type` int(11) DEFAULT NULL,
  `email` varchar(255) DEFAULT NULL COMMENT 'email address to reset password',
  `school_id` varchar(255) DEFAULT NULL COMMENT 'NCES school id or a unique school identifier',
  `helper` int(11) DEFAULT NULL
) ENGINE=InnoDB DEFAULT CHARSET=utf8;

--
-- Dumping data for table `user`
--

INSERT INTO `user` (`id`, `username`, `name`, `preferred_name`, `yob`, `account_type`, `email`, `school_id`, `helper`) VALUES
(1, 'scteacher1', 'teacher1', 'teacher1', 2000, 1, 'game2learnlab@ncsu.edu', 'ncsuschoolid', NULL),
(2, 'scteacher2', 'teacher2', 'teacher2', 2000, 1, 'game2learnlab@ncsu.edu', 'ncsuschoolid', NULL),
(3, 'vc@test.com', 'V. Catete', 'Dr. Catete', 2002, 1, 'game2learnlab@ncsu.edu', 'ncsuschoolid', NULL),
(4, 'am@test.com', 'A. Milliken', 'Dr. Milliken', 2002, 1, 'game2learnlab@ncsu.edu', 'ncsuschoolid', NULL),
(5, 'scstudent1', 'student1', 'student1', 2001, 2, 'game2learnlab@ncsu.edu', 'ncsuschoolid', NULL),
(6, 'scstudent2', 'student2', 'student2', 2001, 2, 'game2learnlab@ncsu.edu', 'ncsuschoolid', NULL),
(7, 'scstudent3', 'student3', 'student3', 2002, 2, 'game2learnlab@ncsu.edu', 'ncsuschoolid', NULL),
(8, 'gdsimco', 'Garrett Simco', 'Garrett Simco', 2000, 2, 'game2learnlab@ncsu.edu', 'ncsuschoolid', NULL),
(11, 'sanama', 'sanama', 'sana', NULL, 1, 'smn3m@umsystem.edu', NULL, NULL),
(12, 'ashley435', 'Ashley Woods', 'Ashley', NULL, NULL, 'smn3m@umsystem.edu', NULL, 2),
(13, 'ibhandari', 'I Bhandari', '', NULL, 1, 'ibhandari@wcpss.net', NULL, NULL),
(14, 'mark435', 'Mark Generic', 'mark', 2010, 2, 'smn3m@umsystem.edu', NULL, 1),
(15, 'somestudent', 'somestudent', 'some', NULL, NULL, 'smn3m@umsystem.edu', NULL, NULL),
(17, 'ashleyDa', 'Ashley', NULL, NULL, NULL, 'game2learnlab@ncsu.edu', NULL, 2);

--
-- Indexes for dumped tables
--

--
-- Indexes for table `active_section`
--
ALTER TABLE `active_section`
  ADD PRIMARY KEY (`id`),
  ADD UNIQUE KEY `section_id` (`section_id`,`user_id`),
  ADD KEY `user_id` (`user_id`);

--
-- Indexes for table `assignment`
--
ALTER TABLE `assignment`
  ADD PRIMARY KEY (`id`),
  ADD KEY `rubric_id` (`rubric_id`);

--
-- Indexes for table `assignments_in_section`
--
ALTER TABLE `assignments_in_section`
  ADD PRIMARY KEY (`id`),
  ADD UNIQUE KEY `section_id` (`section_id`,`assignment_id`),
  ADD KEY `assignment_id` (`assignment_id`);

--
-- Indexes for table `assignment_overall_grade_total`
--
ALTER TABLE `assignment_overall_grade_total`
  ADD PRIMARY KEY (`id`),
  ADD KEY `point_for_category` (`point_for_category`),
  ADD KEY `user_id` (`user_id`),
  ADD KEY `assignment_id` (`assignment_id`);

--
-- Indexes for table `category`
--
ALTER TABLE `category`
  ADD PRIMARY KEY (`id`);

--
-- Indexes for table `category_for_rubric`
--
ALTER TABLE `category_for_rubric`
  ADD PRIMARY KEY (`id`),
  ADD UNIQUE KEY `rubric_id` (`rubric_id`,`category_id`),
  ADD KEY `category_id` (`category_id`);

--
-- Indexes for table `category_for_teacher`
--
ALTER TABLE `category_for_teacher`
  ADD PRIMARY KEY (`id`),
  ADD KEY `user_id` (`user_id`),
  ADD KEY `category_id` (`category_id`);

--
-- Indexes for table `consent`
--
ALTER TABLE `consent`
  ADD PRIMARY KEY (`consent_id`),
  ADD KEY `user_id` (`user_id`);

--
-- Indexes for table `course`
--
ALTER TABLE `course`
  ADD PRIMARY KEY (`id`),
  ADD KEY `user_id` (`user_id`);

--
-- Indexes for table `help`
--
ALTER TABLE `help`
  ADD PRIMARY KEY (`helpreq_id`);

--
-- Indexes for table `logs`
--
ALTER TABLE `logs`
  ADD PRIMARY KEY (`id`);

--
-- Indexes for table `points_for_category`
--
ALTER TABLE `points_for_category`
  ADD PRIMARY KEY (`id`),
  ADD KEY `category_id` (`category_id`);

--
-- Indexes for table `role`
--
ALTER TABLE `role`
  ADD PRIMARY KEY (`id`);

--
-- Indexes for table `role_for_user`
--
ALTER TABLE `role_for_user`
  ADD PRIMARY KEY (`id`),
  ADD KEY `user_id` (`user_id`),
  ADD KEY `role_id` (`role_id`);

--
-- Indexes for table `rubric`
--
ALTER TABLE `rubric`
  ADD PRIMARY KEY (`id`),
  ADD KEY `user_id` (`user_id`);

--
-- Indexes for table `school`
--
ALTER TABLE `school`
  ADD PRIMARY KEY (`school_id`);

--
-- Indexes for table `section`
--
ALTER TABLE `section`
  ADD PRIMARY KEY (`id`),
  ADD KEY `course_id` (`course_id`);

--
-- Indexes for table `students_in_section`
--
ALTER TABLE `students_in_section`
  ADD PRIMARY KEY (`id`),
  ADD UNIQUE KEY `section_id` (`section_id`,`user_id`),
  ADD KEY `user_id` (`user_id`);

--
-- Indexes for table `submission`
--
ALTER TABLE `submission`
  ADD PRIMARY KEY (`id`),
  ADD KEY `user_id` (`user_id`),
  ADD KEY `assignment_id` (`assignment_id`);

--
-- Indexes for table `user`
--
ALTER TABLE `user`
  ADD PRIMARY KEY (`id`),
  ADD UNIQUE KEY `username` (`username`),
  ADD KEY `school_id` (`school_id`);

--
-- AUTO_INCREMENT for dumped tables
--

--
-- AUTO_INCREMENT for table `active_section`
--
ALTER TABLE `active_section`
  MODIFY `id` int(11) NOT NULL AUTO_INCREMENT, AUTO_INCREMENT=3;

--
-- AUTO_INCREMENT for table `assignment`
--
ALTER TABLE `assignment`
  MODIFY `id` int(11) NOT NULL AUTO_INCREMENT, AUTO_INCREMENT=15;

--
-- AUTO_INCREMENT for table `assignments_in_section`
--
ALTER TABLE `assignments_in_section`
  MODIFY `id` int(11) NOT NULL AUTO_INCREMENT, AUTO_INCREMENT=19;

--
-- AUTO_INCREMENT for table `assignment_overall_grade_total`
--
ALTER TABLE `assignment_overall_grade_total`
  MODIFY `id` int(11) NOT NULL AUTO_INCREMENT, AUTO_INCREMENT=5;

--
-- AUTO_INCREMENT for table `category`
--
ALTER TABLE `category`
  MODIFY `id` int(11) NOT NULL AUTO_INCREMENT, AUTO_INCREMENT=3;

--
-- AUTO_INCREMENT for table `category_for_rubric`
--
ALTER TABLE `category_for_rubric`
  MODIFY `id` int(11) NOT NULL AUTO_INCREMENT, AUTO_INCREMENT=5;

--
-- AUTO_INCREMENT for table `category_for_teacher`
--
ALTER TABLE `category_for_teacher`
  MODIFY `id` int(11) NOT NULL AUTO_INCREMENT, AUTO_INCREMENT=3;

--
-- AUTO_INCREMENT for table `consent`
--
ALTER TABLE `consent`
  MODIFY `consent_id` int(11) NOT NULL AUTO_INCREMENT COMMENT 'A unique identifier for the assignment.', AUTO_INCREMENT=4;

--
-- AUTO_INCREMENT for table `course`
--
ALTER TABLE `course`
  MODIFY `id` int(11) NOT NULL AUTO_INCREMENT, AUTO_INCREMENT=7;

--
-- AUTO_INCREMENT for table `help`
--
ALTER TABLE `help`
  MODIFY `helpreq_id` int(11) NOT NULL AUTO_INCREMENT, AUTO_INCREMENT=3;

--
-- AUTO_INCREMENT for table `logs`
--
ALTER TABLE `logs`
  MODIFY `id` int(11) NOT NULL AUTO_INCREMENT, AUTO_INCREMENT=71;

--
-- AUTO_INCREMENT for table `points_for_category`
--
ALTER TABLE `points_for_category`
  MODIFY `id` int(11) NOT NULL AUTO_INCREMENT, AUTO_INCREMENT=5;

--
-- AUTO_INCREMENT for table `role`
--
ALTER TABLE `role`
  MODIFY `id` int(11) NOT NULL AUTO_INCREMENT, AUTO_INCREMENT=4;

--
-- AUTO_INCREMENT for table `role_for_user`
--
ALTER TABLE `role_for_user`
  MODIFY `id` int(11) NOT NULL AUTO_INCREMENT, AUTO_INCREMENT=17;

--
-- AUTO_INCREMENT for table `rubric`
--
ALTER TABLE `rubric`
  MODIFY `id` int(11) NOT NULL AUTO_INCREMENT, AUTO_INCREMENT=4;

--
-- AUTO_INCREMENT for table `section`
--
ALTER TABLE `section`
  MODIFY `id` int(11) NOT NULL AUTO_INCREMENT, AUTO_INCREMENT=10;

--
-- AUTO_INCREMENT for table `students_in_section`
--
ALTER TABLE `students_in_section`
  MODIFY `id` int(11) NOT NULL AUTO_INCREMENT, AUTO_INCREMENT=18;

--
-- AUTO_INCREMENT for table `submission`
--
ALTER TABLE `submission`
  MODIFY `id` int(11) NOT NULL AUTO_INCREMENT, AUTO_INCREMENT=17;

--
-- AUTO_INCREMENT for table `user`
--
ALTER TABLE `user`
  MODIFY `id` int(11) NOT NULL AUTO_INCREMENT, AUTO_INCREMENT=18;

--
-- Constraints for dumped tables
--

--
-- Constraints for table `active_section`
--
ALTER TABLE `active_section`
  ADD CONSTRAINT `active_section_ibfk_1` FOREIGN KEY (`section_id`) REFERENCES `section` (`id`) ON DELETE CASCADE,
  ADD CONSTRAINT `active_section_ibfk_2` FOREIGN KEY (`user_id`) REFERENCES `user` (`id`) ON DELETE CASCADE;

--
-- Constraints for table `assignment`
--
ALTER TABLE `assignment`
  ADD CONSTRAINT `assignment_ibfk_1` FOREIGN KEY (`rubric_id`) REFERENCES `rubric` (`id`) ON DELETE SET NULL;

--
-- Constraints for table `assignments_in_section`
--
ALTER TABLE `assignments_in_section`
  ADD CONSTRAINT `assignments_in_section_ibfk_1` FOREIGN KEY (`section_id`) REFERENCES `section` (`id`) ON DELETE CASCADE,
  ADD CONSTRAINT `assignments_in_section_ibfk_2` FOREIGN KEY (`assignment_id`) REFERENCES `assignment` (`id`) ON DELETE CASCADE;

--
-- Constraints for table `assignment_overall_grade_total`
--
ALTER TABLE `assignment_overall_grade_total`
  ADD CONSTRAINT `assignment_overall_grade_total_ibfk_1` FOREIGN KEY (`point_for_category`) REFERENCES `points_for_category` (`id`) ON DELETE CASCADE,
  ADD CONSTRAINT `assignment_overall_grade_total_ibfk_2` FOREIGN KEY (`user_id`) REFERENCES `user` (`id`) ON DELETE CASCADE,
  ADD CONSTRAINT `assignment_overall_grade_total_ibfk_3` FOREIGN KEY (`assignment_id`) REFERENCES `assignment` (`id`) ON DELETE CASCADE;

--
-- Constraints for table `category_for_rubric`
--
ALTER TABLE `category_for_rubric`
  ADD CONSTRAINT `category_for_rubric_ibfk_1` FOREIGN KEY (`rubric_id`) REFERENCES `rubric` (`id`) ON DELETE CASCADE,
  ADD CONSTRAINT `category_for_rubric_ibfk_2` FOREIGN KEY (`category_id`) REFERENCES `category` (`id`) ON DELETE CASCADE;

--
-- Constraints for table `category_for_teacher`
--
ALTER TABLE `category_for_teacher`
  ADD CONSTRAINT `category_for_teacher_ibfk_1` FOREIGN KEY (`user_id`) REFERENCES `user` (`id`) ON DELETE CASCADE,
  ADD CONSTRAINT `category_for_teacher_ibfk_2` FOREIGN KEY (`category_id`) REFERENCES `category` (`id`) ON DELETE CASCADE;

--
-- Constraints for table `consent`
--
ALTER TABLE `consent`
  ADD CONSTRAINT `consent_ibfk_1` FOREIGN KEY (`user_id`) REFERENCES `user` (`id`) ON DELETE SET NULL;

--
-- Constraints for table `course`
--
ALTER TABLE `course`
  ADD CONSTRAINT `course_ibfk_1` FOREIGN KEY (`user_id`) REFERENCES `user` (`id`) ON DELETE SET NULL;

--
-- Constraints for table `points_for_category`
--
ALTER TABLE `points_for_category`
  ADD CONSTRAINT `points_for_category_ibfk_1` FOREIGN KEY (`category_id`) REFERENCES `category` (`id`) ON DELETE CASCADE;

--
-- Constraints for table `role_for_user`
--
ALTER TABLE `role_for_user`
  ADD CONSTRAINT `role_for_user_ibfk_1` FOREIGN KEY (`user_id`) REFERENCES `user` (`id`) ON DELETE SET NULL,
  ADD CONSTRAINT `role_for_user_ibfk_2` FOREIGN KEY (`role_id`) REFERENCES `role` (`id`) ON DELETE SET NULL;

--
-- Constraints for table `rubric`
--
ALTER TABLE `rubric`
  ADD CONSTRAINT `rubric_ibfk_1` FOREIGN KEY (`user_id`) REFERENCES `user` (`id`) ON DELETE CASCADE;

--
-- Constraints for table `section`
--
ALTER TABLE `section`
  ADD CONSTRAINT `section_ibfk_1` FOREIGN KEY (`course_id`) REFERENCES `course` (`id`) ON DELETE CASCADE;

--
-- Constraints for table `students_in_section`
--
ALTER TABLE `students_in_section`
  ADD CONSTRAINT `students_in_section_ibfk_1` FOREIGN KEY (`section_id`) REFERENCES `section` (`id`) ON DELETE CASCADE,
  ADD CONSTRAINT `students_in_section_ibfk_2` FOREIGN KEY (`user_id`) REFERENCES `user` (`id`) ON DELETE CASCADE;

--
-- Constraints for table `submission`
--
ALTER TABLE `submission`
  ADD CONSTRAINT `submission_ibfk_1` FOREIGN KEY (`user_id`) REFERENCES `user` (`id`) ON DELETE CASCADE,
  ADD CONSTRAINT `submission_ibfk_2` FOREIGN KEY (`assignment_id`) REFERENCES `assignment` (`id`) ON DELETE CASCADE;

--
-- Constraints for table `user`
--
ALTER TABLE `user`
  ADD CONSTRAINT `user_ibfk_1` FOREIGN KEY (`school_id`) REFERENCES `school` (`school_id`) ON DELETE SET NULL;
COMMIT;

/*!40101 SET CHARACTER_SET_CLIENT=@OLD_CHARACTER_SET_CLIENT */;
/*!40101 SET CHARACTER_SET_RESULTS=@OLD_CHARACTER_SET_RESULTS */;
/*!40101 SET COLLATION_CONNECTION=@OLD_COLLATION_CONNECTION */;
